T,x,y,z,vx,vy,vz,omega0,omega1,omega2,omega3,wx,wy,wz
0,6621000,0,0,0,7759.02357003174,0,0.5,-0.5,-0.5,0.5,0,0,0
1,6620995.44684726,7759.02179144738,-1.53717709735814e-05,-9.10630443830073,7759.01823427892,-3.07435384393682e-05,0.5,-0.5,-0.5,0.5,0,0,0
2,6620981.78739528,15518.0329113931,-6.14870628476277e-05,-18.2125964084936,7759.00222702768,-6.14870347852427e-05,0.5,-0.5,-0.5,0.5,0,0,0
3,6620959.02166276,23277.0226883447,-0.000138345812481761,-27.3188634424683,7758.97554829975,-9.22304469440914e-05,0.5,-0.5,-0.5,0.5,0,0,0
4,6620927.14968086,31035.9804508441,-0.000245947914642299,-36.4250930721635,7758.93819813133,-0.000122973732822571,0.5,-0.5,-0.5,0.5,0,0,0
5,6620886.17149324,38794.8955274813,-0.000384293222002678,-45.5312728295933,7758.89017657309,-0.000153716850327635,0.5,-0.5,-0.5,0.5,0,0,0
6,6620836.08715598,46553.757246888,-0.000553381545142408,-54.637390246775,7758.83148369019,-0.000184459757366151,0.5,-0.5,-0.5,0.5,0,0,0
7,6620776.89673768,54312.5549377767,-0.000753212652548383,-63.7434328558289,7758.76211956226,-0.000215202411845357,0.5,-0.5,-0.5,0.5,0,0,0
8,6620708.60031936,62071.2779289566,-0.000983786270615637,-72.8493881890236,7758.68208428341,-0.000245944771673073,0.5,-0.5,-0.5,0.5,0,0,0
9,6620631.19799455,69829.9155493373,-0.00124510208364742,-81.9552437787465,7758.59137796223,-0.000276686794757531,0.5,-0.5,-0.5,0.5,0,0,0
10,6620544.68986921,77588.4571279198,-0.0015371597338533,-91.0609871574191,7758.4900007218,-0.000307428439006917,0.5,-0.5,-0.5,0.5,0,0,0
11,6620449.07606179,85346.8919938496,-0.00185995882135228,-100.166605857651,7758.37795269966,-0.000338169662330107,0.5,-0.5,-0.5,0.5,0,0,0
12,6620344.35670321,93105.2094764299,-0.00221349890417368,-109.272087412276,7758.25523404783,-0.000368910422636821,0.5,-0.5,-0.5,0.5,0,0,0
13,6620230.53193684,100863.398905126,-0.00259777949825755,-118.377419354343,7758.12184493283,-0.000399650677837583,0.5,-0.5,-0.5,0.5,0,0,0
14,6620107.60191853,108621.449609554,-0.00301280007745236,-127.482589216995,7757.97778553562,-0.000430390385843055,0.5,-0.5,-0.5,0.5,0,0,0
15,6619975.56681659,116379.350919511,-0.00345856007351664,-136.587584533561,7757.82305605168,-0.000461129504564465,0.5,-0.5,-0.5,0.5,0,0,0
16,6619834.4268118,124137.092165018,-0.00393505887612278,-145.69239283767,7757.65765669093,-0.000491867991914171,0.5,-0.5,-0.5,0.5,0,0,0
17,6619684.18209741,131894.662676324,-0.00444229583285708,-154.797001663258,7757.48158767778,-0.000522605805805661,0.5,-0.5,-0.5,0.5,0,0,0
18,6619524.83287912,139652.05178391,-0.00498027024922049,-163.901398544548,7757.29484925113,-0.000553342904153428,0.5,-0.5,-0.5,0.5,0,0,0
19,6619356.37937512,147409.248818468,-0.00554898138862434,-173.005571015892,7757.09744166435,-0.00058407924487216,0.5,-0.5,-0.5,0.5,0,0,0
20,6619178.82181605,155166.243110952,-0.00614842847239515,-182.109506611942,7756.88936518526,-0.000614814785877552,0.5,-0.5,-0.5,0.5,0,0,0
21,6618992.16044501,162923.023992617,-0.00677861067977862,-191.21319286774,7756.6706200962,-0.000645549485086729,0.5,-0.5,-0.5,0.5,0,0,0
22,6618796.39551758,170679.580795015,-0.00743952714793961,-200.316617318724,7756.44120669395,-0.000676283300418252,0.5,-0.5,-0.5,0.5,0,0,0
23,6618591.52730179,178435.902850007,-0.00813117697196303,-209.419767500712,7756.20112528977,-0.00070701618979204,0.5,-0.5,-0.5,0.5,0,0,0
24,6618377.55607816,186191.979489736,-0.00885355920484942,-218.522630949734,7755.95037620942,-0.00073774811112847,0.5,-0.5,-0.5,0.5,0,0,0
25,6618154.48213963,193947.800046669,-0.00960667285751814,-227.625195202156,7755.6889597931,-0.000768479022348985,0.5,-0.5,-0.5,0.5,0,0,0
26,6617922.30579164,201703.353853648,-0.0103905168988147,-236.727447794828,7755.41687639551,-0.000799208881376771,0.5,-0.5,-0.5,0.5,0,0,0
27,6617681.02735208,209458.630243891,-0.011205090255511,-245.829376265083,7755.1341263858,-0.000829937646136764,0.5,-0.5,-0.5,0.5,0,0,0
28,6617430.6471513,217213.618550994,-0.0120503918123054,-254.930968150739,7754.84071014762,-0.000860665274555651,0.5,-0.5,-0.5,0.5,0,0,0
29,6617171.16553213,224968.308108937,-0.0129264204118225,-264.032210989995,7754.53662807906,-0.00089139172456128,0.5,-0.5,-0.5,0.5,0,0,0
30,6616902.58284982,232722.688252055,-0.013833174854607,-273.133092321346,7754.22188059271,-0.000922116954082233,0.5,-0.5,-0.5,0.5,0,0,0
31,6616624.89947214,240476.748315132,-0.0147706538991371,-282.233599683834,7753.89646811563,-0.000952840921049032,0.5,-0.5,-0.5,0.5,0,0,0
32,6616338.11577927,248230.477633407,-0.0157388562618263,-291.333720617082,7753.56039108932,-0.000983563583394279,0.5,-0.5,-0.5,0.5,0,0,0
33,6616042.23216387,255983.865542576,-0.0167377806170234,-300.433442661292,7753.21364996978,-0.00101428489905265,0.5,-0.5,-0.5,0.5,0,0,0
34,6615737.24903106,263736.901378802,-0.0177674255970143,-309.532753357238,7752.85624522747,-0.00104500482596084,0.5,-0.5,-0.5,0.5,0,0,0
35,6615423.16679842,271489.574478695,-0.0188277897920161,-318.631640246083,7752.48817734732,-0.00107572332205659,0.5,-0.5,-0.5,0.5,0,0,0
36,6615099.98589599,279241.874179326,-0.0199188717501783,-327.730090869452,7752.10944682872,-0.00110644034527903,0.5,-0.5,-0.5,0.5,0,0,0
37,6614767.70676626,286993.789818308,-0.0210406699775967,-336.828092769643,7751.72005418555,-0.0011371558535697,0.5,-0.5,-0.5,0.5,0,0,0
38,6614426.32986418,294745.310733792,-0.022193182938314,-345.925633489632,7751.31999994613,-0.00116786980487254,0.5,-0.5,-0.5,0.5,0,0,0
39,6614075.85565716,302496.426264474,-0.0233764090543195,-355.022700573073,7750.90928465326,-0.00119858215713393,0.5,-0.5,-0.5,0.5,0,0,0
40,6613716.28462506,310247.125749602,-0.0245903467055515,-364.119281564288,7750.48790886421,-0.00122929286830254,0.5,-0.5,-0.5,0.5,0,0,0
41,6613347.61726021,317997.398528947,-0.0258349942298886,-373.215364008043,7750.05587315068,-0.00126000189632823,0.5,-0.5,-0.5,0.5,0,0,0
42,6612969.85406738,325747.233942838,-0.027110349923155,-382.310935449692,7749.6131780989,-0.00129070919916271,0.5,-0.5,-0.5,0.5,0,0,0
43,6612582.9955638,333496.621332229,-0.0284164120391348,-391.405983435369,7749.15982430952,-0.00132141473476047,0.5,-0.5,-0.5,0.5,0,0,0
44,6612187.04227915,341245.550038704,-0.0297531787895728,-400.500495511986,7748.69581239765,-0.00135211846107874,0.5,-0.5,-0.5,0.5,0,0,0
45,6611781.99475556,348994.009404478,-0.0311206483441746,-409.594459227236,7748.22114299287,-0.00138282033607753,0.5,-0.5,-0.5,0.5,0,0,0
46,6611367.85354763,356741.988772402,-0.032518818830608,-418.687862129585,7747.73581673921,-0.00141352031771954,0.5,-0.5,-0.5,0.5,0,0,0
47,6610944.61922239,364489.477485948,-0.0339476883344965,-427.780691768058,7747.23983429518,-0.00144421836396904,0.5,-0.5,-0.5,0.5,0,0,0
48,6610512.29235933,372236.464889213,-0.0354072548994191,-436.872935692321,7746.73319633374,-0.00147491443279226,0.5,-0.5,-0.5,0.5,0,0,0
49,6610070.87355039,379982.940327012,-0.0368975165269309,-445.964581452921,7746.21590354233,-0.00150560848215857,0.5,-0.5,-0.5,0.5,0,0,0
50,6609620.36339996,387728.893144877,-0.0384184711765639,-455.05561660129,7745.68795662281,-0.00153630047004044,0.5,-0.5,-0.5,0.5,0,0,0
51,6609160.76252488,395474.312689061,-0.0399701167658272,-464.146028689743,7745.14935629152,-0.00156699035441346,0.5,-0.5,-0.5,0.5,0,0,0
52,6608692.07155442,403219.188306542,-0.0415524511702078,-473.235805271485,7744.60010327923,-0.00159767809325634,0.5,-0.5,-0.5,0.5,0,0,0
53,6608214.29113032,410963.509345021,-0.0431654722231695,-482.324933900453,7744.04019833119,-0.00162836364455006,0.5,-0.5,-0.5,0.5,0,0,0
54,6607727.42190675,418707.265152889,-0.0448091777161401,-491.413402131225,7743.46964220711,-0.00165904696627743,0.5,-0.5,-0.5,0.5,0,0,0
55,6607231.46455033,426450.445079331,-0.0464835653985397,-500.501197519339,7742.88843568114,-0.00168972801642459,0.5,-0.5,-0.5,0.5,0,0,0
56,6606726.41974014,434193.038474347,-0.048188632977784,-509.588307621326,7742.29657954188,-0.00172040675298118,0.5,-0.5,-0.5,0.5,0,0,0
57,6606212.28816767,441935.034688746,-0.0499243781192848,-518.67471999471,7741.6940745924,-0.00175108313394034,0.5,-0.5,-0.5,0.5,0,0,0
58,6605689.07053688,449676.42307415,-0.0516907984464497,-527.760422198006,7741.08092165017,-0.00178175711729868,0.5,-0.5,-0.5,0.5,0,0,0
59,6605156.76756414,457417.19298301,-0.053487891540687,-536.845401790687,7740.45712154715,-0.00181242866105605,0.5,-0.5,-0.5,0.5,0,0,0
60,6604615.3799783,465157.333768553,-0.0553156549413863,-545.929646332905,7739.82267512974,-0.00184309772321413,0.5,-0.5,-0.5,0.5,0,0,0
61,6604064.90852063,472896.834784849,-0.0571740861459371,-555.013143385765,7739.17758325881,-0.0018737642617778,0.5,-0.5,-0.5,0.5,0,0,0
62,6603505.35394484,480635.685386875,-0.0590631826097466,-564.095880511476,7738.52184680964,-0.00190442823475578,0.5,-0.5,-0.5,0.5,0,0,0
63,6602936.71701707,488373.874930513,-0.0609829417462401,-573.177845273348,7737.85546667198,-0.00193508960016068,0.5,-0.5,-0.5,0.5,0,0,0
64,6602358.9985159,496111.392772552,-0.0629333609268602,-582.259025235795,7737.17844375,-0.00196574831600896,0.5,-0.5,-0.5,0.5,0,0,0
65,6601772.19923235,503848.228270693,-0.0649144374810692,-591.339407964334,7736.4907789623,-0.00199640434032092,0.5,-0.5,-0.5,0.5,0,0,0
66,6601176.31996986,511584.370783552,-0.0669261686963482,-600.418981025434,7735.79247324194,-0.00202705763111989,0.5,-0.5,-0.5,0.5,0,0,0
67,6600571.36154432,519319.809670609,-0.0689685518181777,-609.49773198638,7735.08352753645,-0.00205770814643152,0.5,-0.5,-0.5,0.5,0,0,0
68,6599957.32478406,527054.53429233,-0.0710415840500748,-618.575648415631,7734.36394280778,-0.00208835584428557,0.5,-0.5,-0.5,0.5,0,0,0
69,6599334.21052981,534788.534010182,-0.0731452625535994,-627.652717882861,7733.6337200323,-0.002119000682716,0.5,-0.5,-0.5,0.5,0,0,0
70,6598702.01963476,542521.798186634,-0.0752795844483537,-636.728927958959,7732.89286020083,-0.00214964261976106,0.5,-0.5,-0.5,0.5,0,0,0
71,6598060.75296451,550254.316185161,-0.0774445468119826,-645.804266216028,7732.1413643186,-0.00218028161346322,0.5,-0.5,-0.5,0.5,0,0,0
72,6597410.41139708,557986.07737025,-0.0796401466801775,-654.878720227383,7731.37923340529,-0.00221091762186913,0.5,-0.5,-0.5,0.5,0,0,0
73,6596750.99582294,565717.071107382,-0.0818663810466657,-663.952277567298,7730.60646849501,-0.00224155060302832,0.5,-0.5,-0.5,0.5,0,0,0
74,6596082.50714497,573447.286763021,-0.0841232468632046,-673.024925811063,7729.82307063633,-0.00227218051499345,0.5,-0.5,-0.5,0.5,0,0,0
75,6595404.94627848,581176.713704727,-0.0864107410396201,-682.096652535286,7729.02904089224,-0.00230280731582181,0.5,-0.5,-0.5,0.5,0,0,0
76,6594718.31415121,588905.341301159,-0.0887288604438086,-691.167445317906,7728.22438034013,-0.00233343096357532,0.5,-0.5,-0.5,0.5,0,0,0
77,6594022.61170331,596633.158922083,-0.0910776019017372,-700.23729173819,7727.40909007183,-0.00236405141632051,0.5,-0.5,-0.5,0.5,0,0,0
78,6593317.83988734,604360.15593836,-0.0934569621974434,-709.306179376733,7726.58317119359,-0.00239466863212856,0.5,-0.5,-0.5,0.5,0,0,0
79,6592603.99966829,612086.321721974,-0.0958669380730407,-718.374095815449,7725.74662482607,-0.00242528256907517,0.5,-0.5,-0.5,0.5,0,0,0
80,6591881.09202357,619811.645645985,-0.098307526228701,-727.441028637271,7724.89945210438,-0.00245589318523901,0.5,-0.5,-0.5,0.5,0,0,0
81,6591149.11794302,627536.117084549,-0.100778723322658,-736.506965426312,7724.04165417806,-0.00248650043870254,0.5,-0.5,-0.5,0.5,0,0,0
82,6590408.07842886,635259.725413024,-0.103280525971248,-745.571893768128,7723.17323221106,-0.00251710428755325,0.5,-0.5,-0.5,0.5,0,0,0
83,6589657.97449577,642982.460007967,-0.105812930748906,-754.635801249719,7722.29418738176,-0.00254770468988366,0.5,-0.5,-0.5,0.5,0,0,0
84,6588898.8071708,650704.310247138,-0.108375934188171,-763.698675459532,7721.40452088291,-0.00257830160379131,0.5,-0.5,-0.5,0.5,0,0,0
85,6588130.57749342,658425.2655095,-0.110969532779684,-772.760503987458,7720.5042339217,-0.00260889498737879,0.5,-0.5,-0.5,0.5,0,0,0
86,6587353.28651552,666145.315175235,-0.113593722972192,-781.821274424821,7719.59332771972,-0.00263948479875356,0.5,-0.5,-0.5,0.5,0,0,0
87,6586566.93530139,673864.448625701,-0.11624850117253,-790.880974364074,7718.67180351298,-0.00267007099602643,0.5,-0.5,-0.5,0.5,0,0,0
88,6585771.52492775,681582.655243453,-0.118933863745629,-799.939591398955,7717.73966255195,-0.00270065353731234,0.5,-0.5,-0.5,0.5,0,0,0
89,6584967.05648369,689299.924412345,-0.121649807014549,-808.997113124762,7716.79690610147,-0.00273123238073168,0.5,-0.5,-0.5,0.5,0,0,0
90,6584153.53107074,697016.245517537,-0.124396327260492,-818.053527138357,7715.84353544079,-0.00276180748441023,0.5,-0.5,-0.5,0.5,0,0,0
91,6583330.9498028,704731.60794549,-0.127173420722792,-827.108821038167,7714.87955186355,-0.00279237880647922,0.5,-0.5,-0.5,0.5,0,0,0
92,6582499.31380618,712446.001083973,-0.129981083598922,-836.162982424181,7713.90495667779,-0.00282294630507533,0.5,-0.5,-0.5,0.5,0,0,0
93,6581658.62421959,720159.41432207,-0.132819312044493,-845.215998897948,7712.91975120594,-0.00285350993834057,0.5,-0.5,-0.5,0.5,0,0,0
94,6580808.88219414,727871.837050161,-0.135688102173249,-854.267858062301,7711.92393678486,-0.00288406966442086,0.5,-0.5,-0.5,0.5,0,0,0
95,6579950.08889335,735583.258659898,-0.138587450057046,-863.318547521405,7710.91751476585,-0.00291462544146633,0.5,-0.5,-0.5,0.5,0,0,0
96,6579082.24549313,743293.668544337,-0.141517351725914,-872.368054881096,7709.90048651455,-0.00294517722763289,0.5,-0.5,-0.5,0.5,0,0,0
97,6578205.35318176,751003.056097938,-0.144477803168057,-881.416367748897,7708.87285341104,-0.0029757249810823,0.5,-0.5,-0.5,0.5,0,0,0
98,6577319.41315993,758711.410716573,-0.147468800329852,-890.463473734013,7707.83461684973,-0.00300626865998216,0.5,-0.5,-0.5,0.5,0,0,0
99,6576424.42664073,766418.72179752,-0.150490339115849,-899.509360447333,7706.78577823944,-0.0030368082225059,0.5,-0.5,-0.5,0.5,0,0,0
100,6575520.3948496,774124.978739469,-0.153542415388779,-908.554015501434,7705.72633900339,-0.0030673436268328,0.5,-0.5,-0.5,0.5,0,0,0
101,6574607.3190244,781830.170942537,-0.156625024969546,-917.597426510387,7704.65630057915,-0.00309787483114687,0.5,-0.5,-0.5,0.5,0,0,0
102,6573685.20041537,789534.287808186,-0.159738163637196,-926.639581089604,7703.57566441878,-0.0031284017936362,0.5,-0.5,-0.5,0.5,0,0,0
103,6572754.04028514,797237.31873937,-0.162881827128983,-935.680466856257,7702.48443198866,-0.00315892447249491,0.5,-0.5,-0.5,0.5,0,0,0
104,6571813.83990872,804939.253140554,-0.166056011140372,-944.720071429321,7701.38260476957,-0.00318944282592339,0.5,-0.5,-0.5,0.5,0,0,0
105,6570864.60057349,812640.08041772,-0.169260711325045,-953.75838242958,7700.27018425665,-0.00321995681212827,0.5,-0.5,-0.5,0.5,0,0,0
106,6569906.32357919,820339.789978358,-0.172495923294902,-962.795387479622,7699.14717195941,-0.00325046638932245,0.5,-0.5,-0.5,0.5,0,0,0
107,6568939.01023798,828038.371231476,-0.175761642620056,-971.831074203843,7698.01356940173,-0.00328097151572507,0.5,-0.5,-0.5,0.5,0,0,0
108,6567962.66187435,835735.813587623,-0.179057864828848,-980.865430228381,7696.86937812184,-0.00331147214956111,0.5,-0.5,-0.5,0.5,0,0,0
109,6566977.27982519,843432.106458799,-0.182384585407801,-989.898443180764,7695.71459967244,-0.0033419682490596,0.5,-0.5,-0.5,0.5,0,0,0
110,6565982.86543978,851127.239258556,-0.185741799801662,-998.930100690289,7694.54923562056,-0.00337245977245556,0.5,-0.5,-0.5,0.5,0,0,0
111,6564979.42007975,858821.201402062,-0.189129503413441,-1007.96039038818,7693.3732875476,-0.00340294667799066,0.5,-0.5,-0.5,0.5,0,0,0
112,6563966.94511908,866513.982306107,-0.192547691604406,-1016.9892999076,7692.18675704934,-0.00343342892391324,0.5,-0.5,-0.5,0.5,0,0,0
113,6562945.44194413,874205.571389102,-0.195996359694087,-1026.01681688363,7690.98964573585,-0.00346390646847832,0.5,-0.5,-0.5,0.5,0,0,0
114,6561914.91195363,881895.958071076,-0.199475502960275,-1035.04292895329,7689.78195523162,-0.0034943792699476,0.5,-0.5,-0.5,0.5,0,0,0
115,6560875.35655865,889585.131773692,-0.202985116639028,-1044.06762375551,7688.56368717544,-0.00352484728658939,0.5,-0.5,-0.5,0.5,0,0,0
116,6559826.77718264,897273.08192023,-0.206525195924658,-1053.09088893089,7687.33484322051,-0.00355531047667709,0.5,-0.5,-0.5,0.5,0,0,0
117,6558769.17526143,904959.797935542,-0.210095735969706,-1062.11271212165,7686.09542503444,-0.00358576879848931,0.5,-0.5,-0.5,0.5,0,0,0
118,6557702.55224317,912645.269246199,-0.21369673188502,-1071.13308097207,7684.84543429917,-0.00361622221031166,0.5,-0.5,-0.5,0.5,0,0,0
119,6556626.90958838,920329.485280499,-0.217328178739753,-1080.15198312846,7683.58487271095,-0.00364667067043686,0.5,-0.5,-0.5,0.5,0,0,0
120,6555542.24876994,928012.435468467,-0.220990071561371,-1089.1694062392,7682.3137419804,-0.00367711413716472,0.5,-0.5,-0.5,0.5,0,0,0
121,6554448.57127305,935694.109241859,-0.224682405335648,-1098.18533795473,7681.03204383245,-0.00370755256880214,0.5,-0.5,-0.5,0.5,0,0,0
122,6553345.87859529,943374.496034155,-0.228405175006669,-1107.19976592753,7679.73978000639,-0.00373798592366312,0.5,-0.5,-0.5,0.5,0,0,0
123,6552234.17224656,951053.585280599,-0.232158375476843,-1116.21267781207,7678.43695225583,-0.00376841416006835,0.5,-0.5,-0.5,0.5,0,0,0
124,6551113.45374912,958731.366418097,-0.235942001606847,-1125.22406126446,7677.1235623488,-0.00379883723634332,0.5,-0.5,-0.5,0.5,0,0,0
125,6549983.7246376,966407.828885314,-0.239756048215679,-1134.23390394278,7675.79961206765,-0.00382925511082022,0.5,-0.5,-0.5,0.5,0,0,0
126,6548844.98645893,974082.96212275,-0.243600510080695,-1143.24219350733,7674.46510320908,-0.00385966774183878,0.5,-0.5,-0.5,0.5,0,0,0
127,6547697.24077241,981756.755572745,-0.247475381937617,-1152.24891762055,7673.12003758409,-0.00389007508774627,0.5,-0.5,-0.5,0.5,0,0,0
128,6546540.48914964,989429.198679475,-0.251380658480528,-1161.25406394709,7671.76441701799,-0.00392047710689745,0.5,-0.5,-0.5,0.5,0,0,0
129,6545374.73317458,997100.280888954,-0.255316334361873,-1170.25762015376,7670.39824335042,-0.00395087375765463,0.5,-0.5,-0.5,0.5,0,0,0
130,6544199.97444349,1004769.99164904,-0.259282404192464,-1179.25957390957,7669.02151843532,-0.00398126499838765,0.5,-0.5,-0.5,0.5,0,0,0
131,6543016.214565,1012438.32040945,-0.263278862541483,-1188.25991288552,7667.63424414101,-0.00401165078747272,0.5,-0.5,-0.5,0.5,0,0,0
132,6541823.45516006,1020105.25662166,-0.267305703936424,-1197.25862475436,7666.23642235016,-0.00404203108329152,0.5,-0.5,-0.5,0.5,0,0,0
133,6540621.69786195,1027770.78973907,-0.271362922863183,-1206.25569719113,7664.82805495975,-0.00407240584423343,0.5,-0.5,-0.5,0.5,0,0,0
134,6539410.94431626,1035434.90921703,-0.275450513766073,-1215.25111787315,7663.40914388109,-0.0041027750286958,0.5,-0.5,-0.5,0.5,0,0,0
135,6538191.19618091,1043097.60451282,-0.279568471047828,-1224.24487448006,7661.97969103974,-0.00413313859508392,0.5,-0.5,-0.5,0.5,0,0,0
136,6536962.45512612,1050758.86508569,-0.2837167890696,-1233.23695469379,7660.53969837559,-0.00416349650181104,0.5,-0.5,-0.5,0.5,0,0,0
137,6535724.72283445,1058418.68039683,-0.287895462150962,-1242.22734619862,7659.08916784282,-0.00419384870729838,0.5,-0.5,-0.5,0.5,0,0,0
138,6534478.00100074,1066077.03990939,-0.292104484569912,-1251.21603668109,7657.62810140991,-0.00422419516997506,0.5,-0.5,-0.5,0.5,0,0,0
139,6533222.29133218,1073733.93308846,-0.296343850562863,-1260.20301382975,7656.15650105968,-0.00425453584827639,0.5,-0.5,-0.5,0.5,0,0,0
140,6531957.59554826,1081389.34940105,-0.300613554324602,-1269.18826533518,7654.67436878931,-0.0042848707006441,0.5,-0.5,-0.5,0.5,0,0,0
141,6530683.9153808,1089043.27831618,-0.304913590008392,-1278.17177889035,7653.18170661026,-0.00431519968552823,0.5,-0.5,-0.5,0.5,0,0,0
142,6529401.2525739,1096695.70930496,-0.309243951725976,-1287.15354219067,7651.67851654826,-0.00434552276138725,0.5,-0.5,-0.5,0.5,0,0,0
143,6528109.60888396,1104346.63184055,-0.313604633547576,-1296.13354293402,7650.16480064331,-0.00437583988668798,0.5,-0.5,-0.5,0.5,0,0,0
144,6526808.98607968,1111996.03539816,-0.317995629501894,-1305.11176882068,7648.64056094972,-0.00440615101990566,0.5,-0.5,-0.5,0.5,0,0,0
145,6525499.38594206,1119643.90945509,-0.322416933576112,-1314.08820755338,7647.10579953604,-0.00443645611952395,0.5,-0.5,-0.5,0.5,0,0,0
146,6524180.8102644,1127290.24349065,-0.326868539715878,-1323.06284683713,7645.56051848513,-0.00446675514403401,0.5,-0.5,-0.5,0.5,0,0,0
147,6522853.2608523,1134935.02698621,-0.331350441825308,-1332.03567437903,7644.00471989421,-0.00449704805193345,0.5,-0.5,-0.5,0.5,0,0,0
148,6521516.73952365,1142578.24942529,-0.335862633767043,-1341.00667788879,7642.43840587472,-0.00452733480172907,0.5,-0.5,-0.5,0.5,0,0,0
149,6520171.24810863,1150219.90029353,-0.340405109362237,-1349.97584507856,7640.86157855241,-0.00455761535193594,0.5,-0.5,-0.5,0.5,0,0,0
150,6518816.78844969,1157859.96907868,-0.34497786239056,-1358.94316366294,7639.27424006727,-0.00458788966107741,0.5,-0.5,-0.5,0.5,1.62660957977893e-11,0,0
151,6517453.3624016,1165498.44527066,-0.349580886590214,-1367.90862135899,7637.67639257358,-0.00461815768768514,0.500004476869235,-0.49999552309068,-0.49999552309068,0.500004476869235,3.58150969004904e-05,0,0
152,6516080.97183136,1173135.31836154,-0.354214175657932,-1376.87220588626,7636.0680382399,-0.00464841939029915,0.500017907227766,-0.499982092130873,-0.499982092130873,0.500017907227766,7.16301764815973e-05,0,0
153,6514699.6186183,1180770.57784563,-0.358877723249029,-1385.83390496696,7634.44917924901,-0.0046786747274687,0.500040290353763,-0.499959706399351,-0.499959706399351,0.500040290353763,0.000107445256062704,0,0
154,6513309.30465398,1188404.21321938,-0.363571522977349,-1394.79370632573,7632.81981779798,-0.00470892365775119,0.500071625044624,-0.499928364693613,-0.499928364693613,0.500071625044624,0.000143260335643811,0,0
155,6511910.03184227,1196036.21398133,-0.368295568415224,-1403.75159768934,7631.1799560982,-0.00473916613971065,0.500111909617042,-0.499888065329827,-0.499888065329827,0.500111909617042,0.000179075415224918,0,0
156,6510501.80209933,1203666.56963233,-0.37304985309359,-1412.70756678726,7629.52959637532,-0.00476940213192028,0.500161141905812,-0.499838806144016,-0.499838806144016,0.500161141905812,0.000214890494806025,0,0
157,6509084.61735355,1211295.26967546,-0.377834370501989,-1421.66160135163,7627.8687408692,-0.00479963159296254,0.500219319263814,-0.499780584492082,-0.499780584492082,0.500219319263814,0.000250705574387131,0,0
158,6507658.47954559,1218922.30361609,-0.382649114088566,-1430.61368911727,7626.19739183395,-0.00482985448142909,0.500286438562009,-0.499713397249805,-0.499713397249805,0.500286438562009,0.000286520653968238,0,0
159,6506223.39062837,1226547.66096188,-0.387494077260073,-1439.5638178217,7624.5155515379,-0.00486007075592083,0.500362496189443,-0.499637240812841,-0.499637240812841,0.500362496189443,0.000322335733549345,0,0
160,6504779.35256707,1234171.33122272,-0.392369253381866,-1448.5119752051,7622.82322226363,-0.0048902803750479,0.500447488053247,-0.499552111096725,-0.499552111096725,0.500447488053247,0.000358150813130452,0,0
161,6503326.36733915,1241793.30391085,-0.397274635777924,-1457.45814901033,7621.12040630794,-0.00492048329742947,0.500541409577462,-0.499458003538048,-0.499458003538048,0.500541409577462,0.000393965892711559,0,0
162,6501864.4369343,1249413.56854071,-0.402210217730801,-1466.4023269825,7619.40710598196,-0.00495067948169167,0.500644255702899,-0.49935491309459,-0.49935491309459,0.500644255702899,0.000429780972292665,0,0
163,6500393.56335451,1257032.114629,-0.407175992481626,-1475.3444968692,7617.68332361108,-0.00498086888646873,0.500756020888215,-0.499242834244239,-0.499242834244239,0.500756020888215,0.000465596051873772,0,0
164,6498913.74861398,1264648.9316948,-0.412171953230205,-1484.28464642085,7615.94906153492,-0.00501105147040458,0.500876699106679,-0.499121760988251,-0.499121760988251,0.500876699106679,0.000501411131454879,0,0
165,6497424.9947392,1272264.00925959,-0.417198093135023,-1493.22276339065,7614.20432210729,-0.00504122719215281,0.501006283846104,-0.49899168685132,-0.49899168685132,0.501006283846104,0.000537226211035986,0,0
166,6495927.30376884,1279877.33684722,-0.422254405313241,-1502.15883553465,7612.44910769622,-0.0050713960103767,0.501144768108842,-0.498852604881578,-0.498852604881578,0.501144768108842,0.000573041290617093,0,0
167,6494420.67775385,1287488.90398394,-0.427340882840699,-1511.09285061169,7610.68342068394,-0.0051015578837492,0.501292144411792,-0.498704507650599,-0.498704507650599,0.501292144411792,0.000608856370198199,0,0
168,6492905.11875741,1295098.70019839,-0.432457518751916,-1520.02479638345,7608.90726346691,-0.00513171277095294,0.50144840478639,-0.498547387253392,-0.498547387253392,0.50144840478639,0.000644671449779306,0,0
169,6491380.62885493,1302706.7150216,-0.437604306040104,-1528.9546606144,7607.12063845576,-0.00516186063068011,0.501613540776871,-0.498381235310184,-0.498381235310184,0.501613540776871,0.000680486529360413,0,0
170,6489847.21013407,1310312.937987,-0.442781237657132,-1537.88243107144,7605.32354807544,-0.00519200142163046,0.501787543438088,-0.498206042968589,-0.498206042968589,0.501787543438088,0.00071630160894152,0,0
171,6488304.86469475,1317917.35863032,-0.447988306513503,-1546.80809552401,7603.51599476517,-0.005222135102512,0.501970403339173,-0.498021800899895,-0.498021800899895,0.501970403339173,0.000752116688522627,0,0
172,6486753.59464908,1325519.96648982,-0.453225505478471,-1555.73164174451,7601.69798097833,-0.00525226163204285,0.502162110557732,-0.497828499304991,-0.497828499304991,0.502162110557732,0.000787931768103734,0,0
173,6485193.40212141,1333120.75110626,-0.458492827380043,-1564.65305750827,7599.8695091825,-0.00528238096895122,0.502362654679544,-0.497626127914671,-0.497626127914671,0.502362654679544,0.00082374684768484,0,0
174,6483624.28924831,1340719.70202289,-0.463790265004984,-1573.57233059357,7598.03058185944,-0.0053124930719755,0.502572024798566,-0.497414675989632,-0.497414675989632,0.502572024798566,0.000859561927265947,0,0
175,6482046.25817856,1348316.80878546,-0.469117811098813,-1582.48944878165,7596.18120150507,-0.00534259789986419,0.50279020951693,-0.497194132320477,-0.497194132320477,0.50279020951693,0.000895377006847054,0,0
176,6480459.31107315,1355912.06094225,-0.474475458365804,-1591.4043998567,7594.32137062954,-0.0053726954113759,0.503017196944945,-0.496964485227711,-0.496964485227711,0.503017196944945,0.000931192086428161,0,0
177,6478863.4501053,1363505.44804401,-0.479863199468989,-1600.3171716058,7592.45109175713,-0.00540278556527917,0.503252974699869,-0.496725722563005,-0.496725722563005,0.503252974699869,0.000967007166009268,0,0
178,6477258.67746044,1371096.959644,-0.485281027030133,-1609.2277518186,7590.57036742645,-0.00543286832035044,0.503497529900423,-0.496477831714786,-0.496477831714786,0.503497529900423,0.00100282224559037,0,0
179,6475644.99533622,1378686.58529798,-0.490728933629748,-1618.13612828755,7588.67920019026,-0.00546294363537556,0.503750849171306,-0.496220799603603,-0.496220799603603,0.503750849171306,0.00103863732517148,0,0
180,6474022.4059425,1386274.31456431,-0.496206911807165,-1627.04228880818,7586.77759261554,-0.00549301146915083,0.504012918637879,-0.495954612687647,-0.495954612687647,0.504012918637879,0.00107445240475259,0,0
181,6472390.91150133,1393860.13700393,-0.501714954060541,-1635.94622117905,7584.86554728339,-0.00552307178048303,0.504283723925421,-0.495679256963518,-0.495679256963518,0.504283723925421,0.00111026748433369,0,0
182,6470750.51424695,1401444.04218041,-0.50725305284686,-1644.84791320178,7582.94306678908,-0.00555312452818939,0.504563250159126,-0.495394717966233,-0.495394717966233,0.504563250159126,0.0011460825639148,0,0
183,6469101.21642579,1409026.01965992,-0.512821200581931,-1653.74735268105,7581.01015374205,-0.00558316967109758,0.504851481964103,-0.495100980769217,-0.495100980769217,0.504851481964103,0.00118189764349591,0,0
184,6467443.0202965,1416606.05901124,-0.518419389640393,-1662.64452742455,7579.0668107659,-0.0056132071680455,0.505148403463429,-0.494798029986343,-0.494798029986343,0.505148403463429,0.00121771272307702,0,0
185,6465775.92812991,1424184.14980574,-0.524047612355692,-1671.53942524272,7577.11304049847,-0.0056432369778799,0.505453998274488,-0.494485849775688,-0.494485849775688,0.505453998274488,0.00125352780265812,0,0
186,6464099.94220904,1431760.2816174,-0.529705861020108,-1680.43203394901,7575.14884559175,-0.00567325905945757,0.505768249510471,-0.49416442383801,-0.49416442383801,0.505768249510471,0.00128934288223923,0,0
187,6462415.06482911,1439334.44402293,-0.535394127884811,-1689.32234136002,7573.1742287119,-0.00570327337164609,0.506091139775677,-0.493833735421709,-0.493833735421709,0.506091139775677,0.00132515796182034,0,0
188,6460721.29829749,1446906.62660169,-0.541112405159861,-1698.21033529548,7571.1891925392,-0.0057332798733238,0.506422651165338,-0.493493767323004,-0.493493767323004,0.506422651165338,0.00136097304140144,0,0
189,6459018.64493374,1454476.81893576,-0.54686068501421,-1707.0960035783,7569.19373976807,-0.00576327852337981,0.50676276526562,-0.493144501885939,-0.493144501885939,0.50676276526562,0.00139678812098255,0,0
190,6457307.10706961,1462045.01060991,-0.552638959575703,-1715.9793340345,7567.18787310709,-0.00579326928071389,0.507111463152417,-0.492785921003663,-0.492785921003663,0.507111463152417,0.00143260320056366,0,0
191,6455586.687049,1469611.19121162,-0.558447220931064,-1724.86031449305,7565.17159527902,-0.00582325210423542,0.507468725386959,-0.492418006123041,-0.492418006123041,0.507468725386959,0.00146841828014476,0,0
192,6453857.387228,1477175.35033103,-0.564285461125909,-1733.73893278596,7563.14490902078,-0.00585322695286392,0.507834532016944,-0.492040738243464,-0.492040738243464,0.507834532016944,0.00150423335972587,0,0
193,6452119.20997487,1484737.4775611,-0.570153672164804,-1742.61517674849,7561.10781708341,-0.00588319378552995,0.508208862571648,-0.491654097922134,-0.491654097922134,0.508208862571648,0.00154004843930698,0,0
194,6450372.15767001,1492297.56249753,-0.576051846011266,-1751.48903421913,7559.06032223208,-0.00591315256117515,0.508591696061526,-0.49125806527449,-0.49125806527449,0.508591696061526,0.00157586351888808,0,0
195,6448616.23270599,1499855.59473881,-0.581979974587767,-1760.3604930396,7557.00242724608,-0.00594310323875224,0.508983010978212,-0.490852619974206,-0.490852619974206,0.508983010978212,0.00161167859846919,0,0
196,6446851.43748753,1507411.56388624,-0.587938049775735,-1769.22954105488,7554.93413491881,-0.00597304577722483,0.509382785292344,-0.490437741255549,-0.490437741255549,0.509382785292344,0.0016474936780503,0,0
197,6445077.77443153,1514965.45954384,-0.593926063415537,-1778.09616611292,7552.85544805787,-0.00600298013556641,0.509790996450123,-0.490013407917027,-0.490013407917027,0.509790996450123,0.0016833087576314,0,0
198,6443295.245967,1522517.27131848,-0.599944007306508,-1786.96035606491,7550.76636948497,-0.00603290627276125,0.510207621372766,-0.489579598322046,-0.489579598322046,0.510207621372766,0.00171912383721251,0,0
199,6441503.85453515,1530066.98881984,-0.605991873206998,-1795.82209876537,7548.66690203591,-0.00606282414780501,0.510632636452188,-0.489136290403673,-0.489136290403673,0.510632636452188,0.00175493891679362,0,0
200,6439703.60258928,1537614.6016605,-0.612069652834374,-1804.68138207214,7546.55704856061,-0.0060927337197047,0.511066017550929,-0.488683461664714,-0.488683461664714,0.511066017550929,0.00179075399637472,0,0
201,6437894.49259485,1545160.09945589,-0.618177337865013,-1813.5381938464,7544.43681192308,-0.00612263494747869,0.511507740001946,-0.488221089177944,-0.488221089177944,0.511507740001946,0.00182656907595583,0,0
202,6436076.52702947,1552703.47182427,-0.624314919934313,-1822.39252195256,7542.30619500147,-0.00615252779015618,0.511957778603958,-0.48774914959123,-0.48774914959123,0.511957778603958,0.00186238415553694,0,0
203,6434249.70838287,1560244.70838679,-0.630482390636669,-1831.2443542582,7540.16520068804,-0.00618241220677676,0.512416107621255,-0.487267619127669,-0.487267619127669,0.512416107621255,0.00189819923511804,0,0
204,6432414.03915693,1567783.79876749,-0.636679741525537,-1840.09367863425,7538.01383188917,-0.00621228815639151,0.512882700779111,-0.48677647359083,-0.48677647359083,0.512882700779111,0.00193401431469915,0,0
205,6430569.52186563,1575320.73259336,-0.64290696411345,-1848.94048295509,7535.85209152529,-0.00624215559806318,0.513357531262114,-0.486275688366621,-0.486275688366621,0.513357531262114,0.00196982939428026,0,0
206,6428716.15903509,1582855.49949431,-0.649164049872015,-1857.78475509852,7533.67998253095,-0.00627201449086618,0.513840571714174,-0.485765238423291,-0.485765238423291,0.513840571714174,0.00200564447386137,0,0
207,6426853.95320353,1590388.08910319,-0.655450990231922,-1866.62648294571,7531.49750785475,-0.0063018647938864,0.514331794236086,-0.48524509831418,-0.48524509831418,0.514331794236086,0.00204145955344247,0,0
208,6424982.90692133,1597918.4910558,-0.661767776582918,-1875.46565438107,7529.30467045942,-0.00633170646622035,0.514831170381827,-0.484715242181806,-0.484715242181806,0.514831170381827,0.00207727463302358,0,0
209,6423103.02275094,1605446.69499088,-0.668114400273851,-1884.30225729242,7527.1014733218,-0.00636153946697601,0.515338671156951,-0.484175643759794,-0.484175643759794,0.515338671156951,0.00211308971260469,0,0
210,6421214.30326696,1612972.69055018,-0.674490852612704,-1893.13627957106,7524.88791943276,-0.00639136375527327,0.51585426701439,-0.483626276377748,-0.483626276377748,0.51585426701439,0.00214890479218579,0,0
211,6419316.75105605,1620496.46737847,-0.680897124866598,-1901.96770911182,7522.66401179726,-0.00642117929024398,0.516377927854412,-0.483067112961294,-0.483067112961294,0.516377927854412,0.0021847198717669,0,0
212,6417410.36871701,1628018.01512353,-0.687333208261791,-1910.79653381299,7520.42975343429,-0.00645098603103188,0.516909623023444,-0.482498126033452,-0.482498126033452,0.516909623023444,0.00222053495134801,0,0
213,6415495.15886073,1635537.32343613,-0.693799093983672,-1919.62274157624,7518.18514737696,-0.00648078393679178,0.517449321308971,-0.481919287720452,-0.481919287720452,0.517449321308971,0.00225635003092911,0,0
214,6413571.1241102,1643054.38197008,-0.700294773176772,-1928.44632030666,7515.93019667245,-0.00651057296668998,0.517996990938875,-0.48133056975255,-0.48133056975255,0.517996990938875,0.00229216511051022,0,0
215,6411638.2671005,1650569.18038227,-0.706820236944817,-1937.26725791292,7513.66490438199,-0.00654035307990495,0.518552599576186,-0.480731943470306,-0.480731943470306,0.518552599576186,0.00232798019009133,0,0
216,6409696.59047878,1658081.70833265,-0.713375476350729,-1946.08554230726,7511.38927358083,-0.00657012423562737,0.519116114318675,-0.480123379825069,-0.480123379825069,0.519116114318675,0.00236379526967243,0,0
217,6407746.09690432,1665591.95548428,-0.719960482416632,-1954.90116140551,7509.10330735829,-0.00659988639306012,0.519687501698125,-0.47950484937984,-0.47950484937984,0.519687501698125,0.00239961034925354,0,0
218,6405786.78904843,1673099.91150328,-0.726575246123841,-1963.71410312698,7506.80700881773,-0.00662963951141761,0.520266727674998,-0.478876322315547,-0.478876322315547,0.520266727674998,0.00243542542883465,0,0
219,6403818.66959454,1680605.56605887,-0.733219758412869,-1972.52435539444,7504.5003810766,-0.00665938354992586,0.520853757637598,-0.478237768432032,-0.478237768432032,0.520853757637598,0.00247124050841575,0,0
220,6401841.74123815,1688108.90882341,-0.739894010183483,-1981.33190613432,7502.18342726636,-0.0066891184678233,0.521448556396586,-0.477589157154841,-0.477589157154841,0.521448556396586,0.00250705558799686,0,0
221,6399856.00668681,1695609.92947241,-0.746597992294708,-1990.13674327672,7499.85615053249,-0.00671884422436087,0.522051088184226,-0.476930457536135,-0.476930457536135,0.522051088184226,0.00254287066757797,0,0
222,6397861.46866015,1703108.61768454,-0.75333169556483,-1998.9388547554,7497.51855403449,-0.00674856077880197,0.522661316653725,-0.476261638255504,-0.476261638255504,0.522661316653725,0.00257868574715907,0,0
223,6395858.12988987,1710604.96314163,-0.760095110771387,-2007.73822850768,7495.17064094592,-0.00677826809042184,0.523279204873822,-0.47558266762651,-0.47558266762651,0.523279204873822,0.00261450082674018,0,0
224,6393845.99311973,1718098.95552865,-0.766888228651179,-2016.53485247442,7492.81241445437,-0.0068079661185076,0.523904715327632,-0.474893513598082,-0.474893513598082,0.523904715327632,0.00265031590632129,0,0
225,6391825.06110554,1725590.5845338,-0.773711039900318,-2025.32871460025,7490.44387776144,-0.00683765482235907,0.524537809907084,-0.47419414376163,-0.47419414376163,0.524537809907084,0.0026861309859024,0,0
226,6389795.33661516,1733079.83984849,-0.780563535174237,-2034.11980283351,7488.06503408273,-0.00686733416128882,0.525178449912099,-0.47348452535208,-0.47348452535208,0.525178449912099,0.0027219460654835,0,0
227,6387756.82242852,1740566.71116737,-0.78744570508769,-2042.9081051263,7485.67588664784,-0.00689700409462212,0.525826596049708,-0.472764625248987,-0.472764625248987,0.525826596049708,0.00275776114506461,0,0
228,6385709.52133757,1748051.1881883,-0.794357540214744,-2051.69360943433,7483.2764387004,-0.00692666458169636,0.526482208428512,-0.472034409983401,-0.472034409983401,0.526482208428512,0.00279357622464572,0,0
229,6383653.43614632,1755533.26061236,-0.801299031088794,-2060.47630371699,7480.86669349806,-0.00695631558186112,0.527145246557226,-0.471293845739755,-0.471293845739755,0.527145246557226,0.00282939130422682,0,0
230,6381588.56967082,1763012.91814396,-0.808270168202609,-2069.25617593748,7478.44665431245,-0.00698595705447898,0.527815669339131,-0.470542898363175,-0.470542898363175,0.527815669339131,0.00286520638380793,0,0
231,6379514.92473915,1770490.15049074,-0.815270942008343,-2078.0332140628,7476.01632442918,-0.00701558895892554,0.528493435071481,-0.469781533360256,-0.469781533360256,0.528493435071481,0.00290102146338904,0,0
232,6377432.50419141,1777964.94736368,-0.82230134291753,-2086.80740606379,7473.57570714784,-0.00704521125458932,0.529178501443986,-0.469009715901034,-0.469009715901034,0.529178501443986,0.00293683654297014,0,0
233,6375341.31087974,1785437.29847702,-0.829361361301078,-2095.57873991496,7471.12480578205,-0.00707482390087111,0.529870825533363,-0.468227410825917,-0.468227410825917,0.529870825533363,0.00297265162255125,0,0
234,6373241.3476683,1792907.19354833,-0.836450987489292,-2104.34720359461,7468.66362365939,-0.00710442685718437,0.530570363801281,-0.467434582648517,-0.467434582648517,0.530570363801281,0.00300846670213236,0,0
235,6371132.61743328,1800374.62229852,-0.843570211771921,-2113.11278508492,7466.19216412143,-0.00713402008295583,0.531277072089263,-0.466631195562599,-0.466631195562599,0.531277072089263,0.00304428178171346,0,0
236,6369015.12306287,1807839.57445187,-0.850719024398154,-2121.87547237198,7463.71043052369,-0.00716360353762547,0.531990905618436,-0.46581721344241,-0.46581721344241,0.531990905618436,0.00308009686129457,0,0
237,6366888.86745727,1815302.03973601,-0.857897415576625,-2130.63525344574,7461.21842623564,-0.00719317718064638,0.532711818986651,-0.464992599846553,-0.464992599846553,0.532711818986651,0.00311591194087568,0,0
238,6364753.85352871,1822762.00788193,-0.865105375475403,-2139.39211629993,7458.71615464076,-0.0072227409714841,0.533439766164008,-0.46415731802378,-0.46415731802378,0.533439766164008,0.00315172702045678,0,0
239,6362610.08420141,1830219.46862399,-0.872342894222029,-2148.14604893214,7456.2036191365,-0.00725229486961736,0.534174700489357,-0.463311330918073,-0.463311330918073,0.534174700489357,0.00318754210003789,0,0
240,6360457.56241159,1837674.41170002,-0.879609961903552,-2156.89703934397,7453.68082313422,-0.0072818388345384,0.534916574666521,-0.462454601173951,-0.462454601173951,0.534916574666521,0.003223357179619,0,0
241,6358296.29110747,1845126.82685123,-0.886906568566525,-2165.64507554098,7451.14777005924,-0.00731137282575296,0.535665340764112,-0.461587091136725,-0.461587091136725,0.535665340764112,0.0032591722592001,0,0
242,6356126.27324924,1852576.70382227,-0.894232704217004,-2174.39014553263,7448.60446335083,-0.00734089680277995,0.536420950210678,-0.460708762859191,-0.460708762859191,0.536420950210678,0.00329498733878121,0,0
243,6353947.51180913,1860024.03236122,-0.901588358820548,-2183.13223733224,7446.05090646223,-0.0073704107251511,0.537183353792051,-0.459819578105173,-0.459819578105173,0.537183353792051,0.00333080241836232,0,0
244,6351760.0097713,1867468.80221962,-0.908973522302267,-2191.87133895716,7443.4871028606,-0.00739991455241176,0.537952501645869,-0.458919498357688,-0.458919498357688,0.537952501645869,0.00336661749794342,0,0
245,6349563.77013193,1874911.00315251,-0.916388184546839,-2200.60743842876,7440.91305602703,-0.00742940824412105,0.538728343259869,-0.458008484821434,-0.458008484821434,0.538728343259869,0.00340243257752453,0,0
246,6347358.79589916,1882350.62491842,-0.923832335398511,-2209.34052377249,7438.32876945651,-0.00745889175985183,0.539510827470758,-0.457086498424419,-0.457086498424419,0.539510827470758,0.00343824765710564,0,0
247,6345145.09009308,1889787.65727936,-0.931305964661092,-2218.07058301769,7435.734246658,-0.00748836505919007,0.54029990245848,-0.456153499826041,-0.456153499826041,0.54029990245848,0.00347406273668675,0,0
248,6342922.65574581,1897222.09000084,-0.938809062097969,-2226.79760419773,7433.12949115437,-0.00751782810173513,0.541095515743716,-0.455209449420872,-0.455209449420872,0.541095515743716,0.00350987781626785,0,0
249,6340691.49590137,1904653.91285194,-0.946341617432159,-2235.52157535007,7430.51450648242,-0.00754728084710038,0.54189761418261,-0.454254307346769,-0.454254307346769,0.54189761418261,0.00354569289584896,0,0
250,6338451.61361577,1912083.11560526,-0.953903620346305,-2244.24248451631,7427.88929619281,-0.00757672325491319,0.542706143966375,-0.453288033485466,-0.453288033485466,0.542706143966375,0.00358150797543007,0,0
251,6336203.01195698,1919509.68803698,-0.961495060482686,-2252.96031974211,7425.25386385013,-0.00760615528481473,0.5435210506176,-0.452310587468082,-0.452310587468082,0.5435210506176,0.00361732305501117,0,0
252,6333945.69400491,1926933.61992681,-0.969115927443197,-2261.67506907714,7422.6082130329,-0.00763557689645942,0.544342278986299,-0.451321928680778,-0.451321928680778,0.544342278986299,0.00365313813459228,0,0
253,6331679.66285144,1934354.90105808,-0.976766210789408,-2270.38672057521,7419.95234733352,-0.00766498804951574,0.545169773245189,-0.450322016272476,-0.450322016272476,0.545169773245189,0.00368895321417339,0,0
254,6329404.92160036,1941773.52121771,-0.984445900042579,-2279.09526229431,7417.28627035827,-0.0076943887036664,0.546003476886955,-0.449310809159193,-0.449310809159193,0.546003476886955,0.00372476829375449,0,0
255,6327121.47336743,1949189.47019624,-0.992154984683666,-2287.80068229663,7414.60998572733,-0.00772377881860835,0.546843332723389,-0.448288266025393,-0.448288266025393,0.546843332723389,0.0037605833733356,0,0
256,6324829.32128032,1956602.73778783,-0.999893454153309,-2296.50296864846,7411.92349707473,-0.00775315835405221,0.547689282879696,-0.447254345332654,-0.447254345332654,0.547689282879696,0.00379639845291671,0,0
257,6322528.46847865,1964013.31379027,-1.00766129785185,-2305.20210942019,7409.22680804846,-0.00778252726972244,0.54854126879171,-0.446209005324176,-0.446209005324176,0.54854126879171,0.00383221353249781,0,0
258,6320218.91811398,1971421.18800502,-1.0154585051394,-2313.8980926865,7406.51992231031,-0.007811885525358,0.5493992312006,-0.445152204033713,-0.445152204033713,0.5493992312006,0.00386802861207892,0,0
259,6317900.67334976,1978826.3502372,-1.0232850653358,-2322.59090652631,7403.80284353596,-0.0078412330807123,0.550263110152332,-0.444083899286448,-0.444083899286448,0.550263110152332,0.00390384369166003,0,0
260,6315573.73736137,1986228.79029565,-1.03114096772066,-2331.28053902277,7401.07557541494,-0.00787056989555301,0.551132844993741,-0.443004048705338,-0.443004048705338,0.551132844993741,0.00393965877124113,0,0
261,6313238.11333613,1993628.49799283,-1.03902620153334,-2339.96697826316,7398.33812165067,-0.0078998959296616,0.552008374368658,-0.44191260971712,-0.44191260971712,0.552008374368658,0.00397547385082224,0,0
262,6310893.80447324,2001025.46314497,-1.046940755973,-2348.65021233909,7395.59048596044,-0.00792921114283411,0.552889636212901,-0.440809539561311,-0.440809539561311,0.552889636212901,0.00401128893040335,0,0
263,6308540.81398381,2008419.67557201,-1.05488462019862,-2357.33022934645,7392.83267207533,-0.00795851549488127,0.55377656775201,-0.439694795294131,-0.439694795294131,0.55377656775201,0.00404710400998446,0,0
264,6306179.14509087,2015811.12509763,-1.06285778332899,-2366.00701738551,7390.06468374028,-0.0079878089456285,0.554669105499794,-0.438568333790984,-0.438568333790984,0.554669105499794,0.00408291908956556,0,0
265,6303808.80102932,2023199.80154927,-1.07086023444273,-2374.6805645607,7387.28652471411,-0.00801709145491528,0.555567185252679,-0.437430111755731,-0.437430111755731,0.555567185252679,0.00411873416914667,0,0
266,6301429.78504599,2030585.69475809,-1.07889196257829,-2383.35085898081,7384.49819876947,-0.00804636298259563,0.556470742086465,-0.436280085726688,-0.436280085726688,0.556470742086465,0.00415454924872778,0,0
267,6299042.10039958,2037968.79455909,-1.086952956734,-2392.017888759,7381.6997096928,-0.00807562348853846,0.557379710351845,-0.435118212084928,-0.435118212084928,0.557379710351845,0.00419036432830888,0,0
268,6296645.75036065,2045349.09079103,-1.09504320586808,-2400.68164201282,7378.8910612844,-0.00810487293262767,0.558294023673847,-0.433944447055271,-0.433944447055271,0.558294023673847,0.00422617940788999,0,0
269,6294240.73821168,2052726.57329649,-1.10316269889861,-2409.34210686418,7376.07225735836,-0.00813411127476168,0.559213614946771,-0.432758746715099,-0.432758746715099,0.559213614946771,0.0042619944874711,0,0
270,6291827.06724701,2060101.23192186,-1.1113114247036,-2417.99927143929,7373.24330174263,-0.00816333847485336,0.560138416330926,-0.43156106700016,-0.43156106700016,0.560138416330926,0.0042978095670522,0,0
271,6289404.74077286,2067473.05651735,-1.11948937212094,-2426.65312386881,7370.40419827896,-0.00819255449283072,0.561068359247392,-0.430351363714927,-0.430351363714927,0.561068359247392,0.00433362464663331,0,0
272,6286973.76210728,2074842.03693707,-1.12769652994852,-2435.30365228789,7367.55495082287,-0.00822175928863694,0.562003374377076,-0.429129592534408,-0.429129592534408,0.562003374377076,0.00436943972621442,0,0
273,6284534.13458024,2082208.16303896,-1.13593288694415,-2443.95084483608,7364.69556324369,-0.00825095282223016,0.56294339165714,-0.427895709010747,-0.427895709010747,0.56294339165714,0.00440525480579552,0,0
274,6282085.86153352,2089571.42468482,-1.14419843182558,-2452.59468965732,7361.8260394246,-0.00828013505358308,0.56388834027684,-0.426649668580621,-0.426649668580621,0.56388834027684,0.00444106988537663,0,0
275,6279628.94632078,2096931.81174036,-1.15249315327056,-2461.23517490003,7358.94638326254,-0.00830930594268363,0.56483814867276,-0.42539142657532,-0.42539142657532,0.56483814867276,0.00447688496495774,0,0
276,6277163.39230753,2104289.31407519,-1.16081703991685,-2469.87228871718,7356.0565986682,-0.00833846544953515,0.565792744526685,-0.424120938225067,-0.424120938225067,0.565792744526685,0.00451270004453884,0,0
277,6274689.2028711,2111643.92156286,-1.16917008036222,-2478.50601926624,7353.15668956608,-0.00836761353415629,0.566752054763631,-0.422838158662881,-0.422838158662881,0.566752054763631,0.00454851512411995,0,0
278,6272206.3814007,2118995.62408081,-1.17755226316444,-2487.13635470914,7350.24665989448,-0.00839675015658047,0.567716005546577,-0.421543042934451,-0.421543042934451,0.567716005546577,0.00458433020370106,0,0
279,6269714.93129733,2126344.41151045,-1.18596357684134,-2495.7632832123,7347.32651360544,-0.00842587527685643,0.568684522272792,-0.420235546006339,-0.420235546006339,0.568684522272792,0.00462014528328216,0,0
280,6267214.85597386,2133690.27373713,-1.19440400987079,-2504.38679294678,7344.39625466479,-0.00845498885504854,0.569657529570414,-0.41891562277343,-0.41891562277343,0.569657529570414,0.00465596036286327,0,0
281,6264706.15885497,2141033.20065022,-1.20287355069076,-2513.00687208821,7341.45588705208,-0.00848409085123674,0.570634951297346,-0.417583228061227,-0.417583228061227,0.570634951297346,0.00469177544244438,0,0
282,6262188.84337715,2148373.18214302,-1.2113721876993,-2521.62350881674,7338.50541476065,-0.00851318122551606,0.571616710535908,-0.416238316636466,-0.416238316636466,0.571616710535908,0.00472759052202548,0,0
283,6259662.91298874,2155710.20811285,-1.21989990925453,-2530.23669131708,7335.5448417976,-0.00854225993799694,0.572602729589507,-0.414880843214723,-0.414880843214723,0.572602729589507,0.00476340560160659,0,0
284,6257128.37114987,2163044.26846105,-1.22845670367473,-2538.84640777863,7332.57417218376,-0.00857132694880561,0.57359292997856,-0.41351076246997,-0.41351076246997,0.57359292997856,0.0047992206811877,0,0
285,6254585.22133247,2170375.35309301,-1.23704255923829,-2547.45264639541,7329.59340995367,-0.00860038221808417,0.574587232439684,-0.41212802903638,-0.41212802903638,0.574587232439684,0.0048350357607688,0,0
286,6252033.46702029,2177703.45191811,-1.24565746418378,-2556.05539536607,7326.60255915565,-0.00862942570599009,0.575585556920719,-0.410732597518813,-0.410732597518813,0.575585556920719,0.00487085084034991,0,0
287,6249473.11170888,2185028.55484982,-1.25430140670988,-2564.65464289385,7323.60162385175,-0.00865845737269635,0.576587822577394,-0.409324422500547,-0.409324422500547,0.576587822577394,0.00490666591993102,0,0
288,6246904.15890558,2192350.65180567,-1.26297437497549,-2573.25037718674,7320.59060811772,-0.00868747717839197,0.577593947769034,-0.407903458554157,-0.407903458554157,0.577593947769034,0.00494248099951212,0,0
289,6244326.61212952,2199669.73270727,-1.27167635709972,-2581.84258645742,7317.56951604303,-0.00871648508328201,0.57860385005775,-0.406469660243439,-0.406469660243439,0.57860385005775,0.00497829607909323,0,0
290,6241740.4749116,2206985.78748035,-1.28040734116187,-2590.43125892327,7314.53835173087,-0.00874548104758722,0.579617446203929,-0.405022982133534,-0.405022982133534,0.579617446203929,0.00501411115867434,0,0
291,6239145.75079453,2214298.8060547,-1.28916731520145,-2599.01638280634,7311.49711929816,-0.00877446503154401,0.580634652162815,-0.403563378799091,-0.403563378799091,0.580634652162815,0.00504992623825545,0,0
292,6236542.44333278,2221608.77836427,-1.29795626721825,-2607.59794633343,7308.44582287551,-0.00880343699540502,0.581655383080238,-0.402090804835954,-0.402090804835954,0.581655383080238,0.00508574131783655,0,0
293,6233930.55609257,2228915.69434716,-1.30677418517231,-2616.17593773616,7305.38446660721,-0.00883239689943916,0.58267955329173,-0.400605214863454,-0.400605214863454,0.58267955329173,0.00512155639741766,0,0
294,6231310.09265193,2236219.5439456,-1.31562105698396,-2624.75034525089,7302.31305465125,-0.00886134470393127,0.583707076318398,-0.399106563534286,-0.399106563534286,0.583707076318398,0.00515737147699877,0,0
295,6228681.05660062,2243520.31710596,-1.32449687053377,-2633.32115711869,7299.23159117933,-0.00889028036918206,0.584737864863446,-0.397594805543184,-0.397594805543184,0.584737864863446,0.00519318655657987,0,0
296,6226043.45154016,2250818.00377884,-1.33340161366267,-2641.88836158549,7296.14008037682,-0.00891920385550864,0.585771830808079,-0.396069895639122,-0.396069895639122,0.585771830808079,0.00522900163616098,0,0
297,6223397.28108384,2258112.593919,-1.34233527417191,-2650.45194690207,7293.03852644276,-0.00894811512324462,0.586808885210604,-0.394531788627778,-0.394531788627778,0.586808885210604,0.00526481671574209,0,0
298,6220742.54885666,2265404.07748542,-1.35129783982308,-2659.01190132399,7289.92693358987,-0.00897701413273969,0.587848938302394,-0.392980439381791,-0.392980439381791,0.587848938302394,0.00530063179532319,0,0
299,6218079.2584954,2272692.44444128,-1.3602892983381,-2667.56821311167,7286.80530604452,-0.00900590084435988,0.588891899484192,-0.391415802851445,-0.391415802851445,0.588891899484192,0.0053364468749043,0,0
300,6215407.41364856,2279977.68475402,-1.3693096373993,-2676.12087053038,7283.67364804676,-0.0090347752184877,0.589937677323764,-0.389837834071796,-0.389837834071796,0.589937677323764,0.00537226192991553,0,0
301,6212727.01797637,2287259.78839531,-1.37835884464938,-2684.66986185029,7280.5319638503,-0.0090636372155221,0.590979226913406,-0.388257071225727,-0.388257071225727,0.590979226913406,0.00533644684788497,0,0
302,6210038.0751508,2294538.74534108,-1.38743690769145,-2693.21517534647,7277.38025772246,-0.00909248679587863,0.59200961632657,-0.386684127133056,-0.386684127133056,0.59200961632657,0.00530063176830387,0,0
303,6207340.58885553,2301814.54557154,-1.39654381408906,-2701.75679929887,7274.21853394426,-0.00912132391998935,0.59302892277921,-0.385119068272486,-0.385119068272486,0.59302892277921,0.00526481668872276,0,0
304,6204634.56278595,2309087.17907118,-1.40567955136617,-2710.29472199236,7271.04679681032,-0.0091501485483028,0.594037223238493,-0.383561960323415,-0.383561960323415,0.594037223238493,0.00522900160914166,0,0
305,6201920.0006492,2316356.63582881,-1.41484410700722,-2718.82893171678,7267.86505062891,-0.00917896064128443,0.595034594414572,-0.382012868173111,-0.382012868173111,0.595034594414572,0.00519318652956055,0,0
306,6199196.90616408,2323622.90583753,-1.42403746845712,-2727.35941676696,7264.67329972191,-0.00920776015941653,0.596021112757773,-0.380471855919355,-0.380471855919355,0.596021112757773,0.00515737144997944,0,0
307,6196465.28306112,2330885.97909479,-1.43325962312127,-2735.88616544263,7261.47154842484,-0.00923654706319789,0.596996854449854,-0.37893898687887,-0.37893898687887,0.596996854449854,0.00512155637039833,0,0
308,6193725.13508255,2338145.84560237,-1.44251055836557,-2744.40916604852,7258.25980108684,-0.00926532131314411,0.597961895396134,-0.377414323594532,-0.377414323594532,0.597961895396134,0.00508574129081723,0,0
309,6190976.46598228,2345402.4953664,-1.45179026151645,-2752.92840689441,7255.03806207065,-0.00929408286978794,0.598916311219693,-0.375897927840708,-0.375897927840708,0.598916311219693,0.00504992621123612,0,0
310,6188219.27952591,2352655.91839741,-1.4610987198609,-2761.4438762951,7251.80633575259,-0.00932283169367914,0.599860177257315,-0.374389860627302,-0.374389860627302,0.599860177257315,0.00501411113165501,0,0
311,6185453.57949073,2359906.10471028,-1.47043592064642,-2769.95556257036,7248.56462652263,-0.0093515677453841,0.600793568551664,-0.372890182207606,-0.372890182207606,0.600793568551664,0.00497829605207391,0,0
312,6182679.3696657,2367153.04432428,-1.47980185108113,-2778.46345404504,7245.31293878432,-0.00938029098548638,0.601716559843016,-0.371398952086212,-0.371398952086212,0.601716559843016,0.0049424809724928,0,0
313,6179896.65385147,2374396.72726314,-1.48919649833372,-2786.9675390491,7242.05127695476,-0.00940900137458687,0.60262922556532,-0.369916229022823,-0.369916229022823,0.60262922556532,0.00490666589291169,0,0
314,6177105.43586032,2381637.14355498,-1.49861984953351,-2795.46780591757,7238.77964546467,-0.00943769887330361,0.603531639841014,-0.368442071037665,-0.368442071037665,0.603531639841014,0.00487085081333059,0,0
315,6174305.71951623,2388874.28323234,-1.50807189177042,-2803.96424299051,7235.49804875835,-0.00946638344227148,0.604423876474152,-0.36697653541864,-0.36697653541864,0.604423876474152,0.00483503573374948,0,0
316,6171497.50865482,2396108.13633224,-1.51755261209502,-2812.45683861314,7232.20649129367,-0.00949505504214283,0.605306008942074,-0.365519678729685,-0.365519678729685,0.605306008942074,0.00479922065416837,0,0
317,6168680.80712337,2403338.69289616,-1.52706199751856,-2820.94558113585,7228.90497754202,-0.00952371363358753,0.606178110392728,-0.364071556813489,-0.364071556813489,0.606178110392728,0.00476340557458727,0,0
318,6165855.61878079,2410565.94297006,-1.53660003501295,-2829.43045891414,7225.5935119884,-0.00955235917729273,0.607040253638781,-0.362632224797909,-0.362632224797909,0.607040253638781,0.00472759049500616,0,0
319,6163021.94749767,2417789.87660437,-1.5461667115108,-2837.91146030863,7222.27209913135,-0.00958099163396269,0.607892511151356,-0.361201737102741,-0.361201737102741,0.607892511151356,0.00469177541542505,0,0
320,6160179.79715619,2425010.48385405,-1.55576201390543,-2846.38857368515,7218.94074348296,-0.00960961096431936,0.608734955052118,-0.359780147448013,-0.359780147448013,0.608734955052118,0.00465596033584395,0,0
321,6157329.17165018,2432227.75477858,-1.56538592905091,-2854.86178741477,7215.59944956885,-0.00963821712910244,0.609567657111256,-0.358367508856157,-0.358367508856157,0.609567657111256,0.00462014525626284,0,0
322,6154470.07488511,2439441.67944195,-1.57503844376204,-2863.33108987372,7212.24822192819,-0.00966681008906904,0.610390688741287,-0.356963873659042,-0.356963873659042,0.610390688741287,0.00458433017668173,0,0
323,6151602.51077806,2446652.24791271,-1.58471954481437,-2871.79646944341,7208.88706511367,-0.00969538980499366,0.611204120991237,-0.355569293504492,-0.355569293504492,0.611204120991237,0.00454851509710062,0,0
324,6148726.48325773,2453859.45026397,-1.59442921894427,-2880.25791451055,7205.51598369153,-0.00972395623766868,0.612008024539278,-0.354183819364374,-0.354183819364374,0.612008024539278,0.00451270001751952,0,0
325,6145841.99626441,2461063.27657342,-1.60416745284889,-2888.71541346712,7202.13498224148,-0.00975250934790444,0.612802469691044,-0.352807501536489,-0.352807501536489,0.612802469691044,0.00447688493793841,0,0
326,6142949.05375003,2468263.71692332,-1.61393423318622,-2897.16895471034,7198.74406535678,-0.00978104909652891,0.613587526373411,-0.351440389651934,-0.351440389651934,0.613587526373411,0.0044410698583573,0,0
327,6140047.65967809,2475460.76140052,-1.62372954657503,-2905.61852664268,7195.34323764421,-0.00980957544438763,0.61436326412907,-0.350082532681416,-0.350082532681416,0.61436326412907,0.0044052547787762,0,0
328,6137137.81802371,2482654.40009653,-1.63355337959501,-2914.06411767194,7191.93250372402,-0.00983808835234427,0.615129752109643,-0.348733978943157,-0.348733978943157,0.615129752109643,0.00436943969919509,0,0
329,6134219.53277358,2489844.62310744,-1.64340571878671,-2922.50571621128,7188.51186822995,-0.00986658778128067,0.615887059074207,-0.347394776104628,-0.347394776104628,0.615887059074207,0.00433362461961398,0,0
330,6131292.80792598,2497031.42053402,-1.65328655065154,-2930.94331067917,7185.08133580924,-0.00989507369209646,0.616635253383241,-0.346064971190006,-0.346064971190006,0.616635253383241,0.00429780954003288,0,0
331,6128357.64749077,2504214.78248164,-1.66319586165184,-2939.37688949937,7181.64091112264,-0.0099235460457091,0.617374402993566,-0.344744610586294,-0.344744610586294,0.617374402993566,0.00426199446045177,0,0
332,6125414.05548939,2511394.69906039,-1.67313363821086,-2947.80644110103,7178.19059884437,-0.00995200480305436,0.61810457545182,-0.343433740051149,-0.343433740051149,0.61810457545182,0.00422617938087066,0,0
333,6122462.03595483,2518571.16038503,-1.68309986671284,-2956.23195391874,7174.73040366206,-0.00998044992508642,0.618825837893133,-0.342132404714505,-0.342132404714505,0.618825837893133,0.00419036430128956,0,0
334,6119501.59293166,2525744.15657499,-1.69309453350293,-2964.65341639246,7171.26033027687,-0.0100088813727774,0.619538257035389,-0.340840649085921,-0.340840649085921,0.619538257035389,0.00415454922170845,0,0
335,6116532.73047601,2532913.67775442,-1.70311762488728,-2973.07081696748,7167.78038340341,-0.0100372991071176,0.62024189917452,-0.339558517060509,-0.339558517060509,0.62024189917452,0.00411873414212734,0,0
336,6113555.45265555,2540079.7140522,-1.71316912713304,-2981.48414409458,7164.29056776973,-0.0100657030891157,0.620936830178212,-0.338286051926811,-0.338286051926811,0.620936830178212,0.00408291906254624,0,0
337,6110569.76354949,2547242.25560195,-1.7232490264684,-2989.89338623001,7160.79088811732,-0.010094093279799,0.621623115484698,-0.33702329636834,-0.33702329636834,0.621623115484698,0.00404710398296513,0,0
338,6107575.66724859,2554401.29254202,-1.73335730908256,-2998.29853183545,7157.28134920112,-0.010122469640213,0.622300820097452,-0.335770292470618,-0.335770292470618,0.622300820097452,0.00401128890338402,0,0
339,6104573.16785517,2561556.81501553,-1.74349396112577,-3006.69956937801,7153.76195578951,-0.0101508321314217,0.622970008580824,-0.334527081726935,-0.334527081726935,0.622970008580824,0.00397547382380292,0,0
340,6101562.26948304,2568708.81317036,-1.75365896870936,-3015.09648733031,7150.23271266431,-0.0101791807145073,0.6236307450539,-0.333293705046339,-0.333293705046339,0.6236307450539,0.00393965874422181,0,0
341,6098542.97625755,2575857.27715921,-1.76385231790577,-3023.48927417052,7146.69362462073,-0.0102075153505713,0.624283093189311,-0.332070202755214,-0.332070202755214,0.624283093189311,0.0039038436646407,0,0
342,6095515.29231557,2583002.19713957,-1.77407399474854,-3031.87791838231,7143.14469646739,-0.0102358360007336,0.624927116208542,-0.330856614603739,-0.330856614603739,0.624927116208542,0.0038680285850596,0,0
343,6092479.22180549,2590143.56327372,-1.78432398523232,-3040.26240845483,7139.58593302637,-0.0102641426261321,0.625562876877804,-0.329652979771568,-0.329652979771568,0.625562876877804,0.00383221350547849,0,0
344,6089434.76888721,2597281.3657288,-1.79460227531293,-3048.6427328828,7136.01733913313,-0.0102924351879242,0.62619043750209,-0.32845933687588,-0.32845933687588,0.62619043750209,0.00379639842589738,0,0
345,6086381.93773211,2604415.59467678,-1.80490885090735,-3057.01888016655,7132.4389196365,-0.0103207136472858,0.626809859923812,-0.327275723973246,-0.327275723973246,0.626809859923812,0.00376058334631627,0,0
346,6083320.73252309,2611546.2402945,-1.81524369789376,-3065.390838812,7128.85067939873,-0.010348977965412,0.627421205518955,-0.326102178565133,-0.326102178565133,0.627421205518955,0.00372476826673517,0,0
347,6080251.15745453,2618673.29276363,-1.82560680211151,-3073.75859733057,7125.25262329545,-0.0103772281035162,0.628024535192976,-0.324938737603765,-0.324938737603765,0.628024535192976,0.00368895318715406,0,0
348,6077173.2167323,2625796.74227076,-1.83599814936119,-3082.12214423935,7121.64475621569,-0.0104054640228308,0.628619909375281,-0.323785437499918,-0.323785437499918,0.628619909375281,0.00365313810757295,0,0
349,6074086.91457375,2632916.57900736,-1.84641772540465,-3090.48146806106,7118.02708306181,-0.0104336856846077,0.629207388017369,-0.322642314125548,-0.322642314125548,0.629207388017369,0.00361732302799185,0,0
350,6070992.2552077,2640032.79316983,-1.85686551596499,-3098.83655732411,7114.39960874954,-0.0104618930501177,0.629787030590152,-0.321509402817778,-0.321509402817778,0.629787030590152,0.00358150794841074,0,0
351,6067889.24287444,2647145.37495946,-1.86734150672657,-3107.18740056248,7110.762338208,-0.0104900860806504,0.630358896079451,-0.32038673838558,-0.32038673838558,0.630358896079451,0.00354569286882963,0,0
352,6064777.88182573,2654254.31458248,-1.87784568333506,-3115.53398631582,7107.11527637966,-0.0105182647375145,0.630923042981432,-0.319274355116471,-0.319274355116471,0.630923042981432,0.00350987778924853,0,0
353,6061658.17632479,2661359.6022501,-1.88837803139747,-3123.87630312952,7103.45842822032,-0.0105464289820383,0.631479529299828,-0.318172286780613,-0.318172286780613,0.631479529299828,0.00347406270966742,0,0
354,6058530.13064627,2668461.22817847,-1.89893853648214,-3132.21433955473,7099.79179869911,-0.0105745787755695,0.63202841254448,-0.317080566633059,-0.317080566633059,0.63202841254448,0.00343824763008631,0,0
355,6055393.74907629,2675559.18258871,-1.90952718411875,-3140.5480841482,7096.11539279852,-0.0106027140794745,0.63256974972646,-0.315999227421261,-0.315999227421261,0.63256974972646,0.00340243255050521,0,0
356,6052249.0359124,2682653.45570694,-1.92014395979835,-3148.87752547244,7092.42921551436,-0.0106308348551392,0.633103597354629,-0.31492830139032,-0.31492830139032,0.633103597354629,0.0033666174709241,0,0
357,6049095.99546358,2689744.03776428,-1.9307888489734,-3157.20265209573,7088.73327185578,-0.0106589410639691,0.633630011431829,-0.313867820288824,-0.313867820288824,0.633630011431829,0.00333080239134299,0,0
358,6045934.63205025,2696830.91899686,-1.94146183705781,-3165.52345259218,7085.02756684518,-0.0106870326673894,0.634149047454192,-0.312817815369933,-0.312817815369933,0.634149047454192,0.00329498731176189,0,0
359,6042764.95000424,2703914.08964587,-1.95216290942687,-3173.83991554161,7081.31210551832,-0.0107151096268445,0.634660760406621,-0.311778317398607,-0.311778317398607,0.634660760406621,0.00325917223218078,0,0
360,6039586.95366882,2710993.53995748,-1.96289205141734,-3182.1520295296,7077.58689292429,-0.0107431719037982,0.635165204759964,-0.310749356656073,-0.310749356656073,0.635165204759964,0.00322335715259967,0,0
361,6036400.64739864,2718069.26018298,-1.97364924832745,-3190.45978314757,7073.85193412542,-0.010771219459734,0.635662434466548,-0.309730962946935,-0.309730962946935,0.635662434466548,0.00318754207301857,0,0
362,6033206.03555978,2725141.24057868,-1.98443448541696,-3198.76316499284,7070.10723419734,-0.0107992522561556,0.636152502959618,-0.308723165600068,-0.308723165600068,0.636152502959618,0.00315172699343746,0,0
363,6030003.12252971,2732209.47140603,-1.99524774790711,-3207.06216366854,7066.35279822896,-0.010827270254586,0.636635463149855,-0.307725993474377,-0.307725993474377,0.636635463149855,0.00311591191385635,0,0
364,6026791.91269729,2739273.94293151,-2.00608902098066,-3215.35676778357,7062.58863132249,-0.0108552734165677,0.637111367422569,-0.306739474963419,-0.306739474963419,0.637111367422569,0.00308009683427525,0,0
365,6023572.41046279,2746334.64542673,-2.01695828978194,-3223.64696595276,7058.81473859342,-0.0108832617036634,0.637580267633306,-0.305763638002652,-0.305763638002652,0.637580267633306,0.00304428175469414,0,0
366,6020344.62023784,2753391.56916845,-2.02785553941687,-3231.93274679685,7055.03112517045,-0.0109112350774556,0.638042215106565,-0.304798510071545,-0.304798510071545,0.638042215106565,0.00300846667511303,0,0
367,6017108.54644543,2760444.70443855,-2.03878075495296,-3240.21409894253,7051.23779619554,-0.010939193499547,0.638497260634087,-0.303844118196514,-0.303844118196514,0.638497260634087,0.00297265159553192,0,0
368,6013864.19351997,2767494.04152405,-2.04973392141929,-3248.4910110223,7047.43475682394,-0.01096713693156,0.63894545447104,-0.302900488957433,-0.302900488957433,0.63894545447104,0.00293683651595082,0,0
369,6010611.56590719,2774539.57071713,-2.0607150238066,-3256.7634716746,7043.62201222416,-0.0109950653351366,0.639386846333095,-0.301967648492638,-0.301967648492638,0.639386846333095,0.00290102143636971,0,0
370,6007350.66806422,2781581.28231514,-2.07172404706729,-3265.03146954386,7039.79956757788,-0.0110229786719395,0.639821485393611,-0.301045622503733,-0.301045622503733,0.639821485393611,0.0028652063567886,0,0
371,6004081.50445949,2788619.16662066,-2.08276097611544,-3273.29499328055,7035.96742808003,-0.0110508769036516,0.640249420283157,-0.300134436256443,-0.300134436256443,0.640249420283157,0.0028293912772075,0,0
372,6000804.07957281,2795653.21394143,-2.09382579582681,-3281.55403154103,7032.12559893876,-0.0110787599919759,0.640670699085721,-0.299234114587317,-0.299234114587317,0.640670699085721,0.00279357619762639,0,0
373,5997518.39789534,2802683.41459041,-2.10491849103885,-3289.80857298761,7028.27408537549,-0.0111066278986351,0.641085369336669,-0.298344681907327,-0.298344681907327,0.641085369336669,0.00275776111804528,0,0
374,5994224.46392955,2809709.75888578,-2.11603904655076,-3298.05860628867,7024.41289262481,-0.0111344805853725,0.641493478018954,-0.297466162208593,-0.297466162208593,0.641493478018954,0.00272194603846418,0,0
375,5990922.28218926,2816732.237151,-2.12718744712352,-3306.30412011864,7020.54202593447,-0.0111623180139522,0.641895071562659,-0.29659857906519,-0.29659857906519,0.641895071562659,0.00268613095888307,0,0
376,5987611.85719958,2823750.83971476,-2.13836367747988,-3314.54510315802,7016.66149056545,-0.0111901401461584,0.642290195842664,-0.295741955637424,-0.295741955637424,0.642290195842664,0.00265031587930196,0,0
377,5984293.19349697,2830765.55691101,-2.14956772230434,-3322.78154409326,7012.77129179195,-0.0112179469437955,0.642678896176061,-0.29489631467653,-0.29489631467653,0.642678896176061,0.00261450079972086,0,0
378,5980966.29562919,2837776.37907897,-2.16079956624322,-3331.01343161689,7008.87143490133,-0.0112457383686884,0.64306121731901,-0.29406167853045,-0.29406167853045,0.64306121731901,0.00257868572013975,0,0
379,5977631.16815531,2844783.29656319,-2.17205919390473,-3339.24075442759,7004.96192519412,-0.0112735143826827,0.643437203465015,-0.293238069146993,-0.293238069146993,0.643437203465015,0.00254287064055864,0,0
380,5974287.81564568,2851786.29971352,-2.18334658985891,-3347.46350123018,7001.04276798398,-0.011301274947645,0.643806898244366,-0.292425508074895,-0.292425508074895,0.643806898244366,0.00250705556097754,0,0
381,5970936.24268195,2858785.37888511,-2.19466173863766,-3355.68166073554,6997.11396859778,-0.0113290200254622,0.644170344720731,-0.29162401647024,-0.29162401647024,0.644170344720731,0.00247124048139643,0,0
382,5967576.45385706,2865780.52443844,-2.20600462473476,-3363.8952216606,6993.17553237557,-0.0113567495780415,0.644527585389545,-0.290833615099495,-0.290833615099495,0.644527585389545,0.00243542540181532,0,0
383,5964208.45377525,2872771.72673936,-2.21737523260596,-3372.10417272853,6989.2274646705,-0.0113844635673112,0.644878662174794,-0.290054324345631,-0.290054324345631,0.644878662174794,0.00239961032223422,0,0
384,5960832.24705199,2879758.97615907,-2.22877354666891,-3380.30850266868,6985.26977084886,-0.0114121619552206,0.64522361642872,-0.289286164208668,-0.289286164208668,0.64522361642872,0.00236379524265311,0,0
385,5957447.83831404,2886742.26307415,-2.24019955130327,-3388.50820021661,6981.30245629005,-0.0114398447037401,0.645562488929863,-0.288529154309497,-0.288529154309497,0.645562488929863,0.002327980163072,0,0
386,5954055.23219943,2893721.57786655,-2.25165323085062,-3396.70325411393,6977.32552638668,-0.0114675117748601,0.645895319880809,-0.287783313894242,-0.287783313894242,0.645895319880809,0.0022921650834909,0,0
387,5950654.43335744,2900696.91092361,-2.26313456961453,-3404.89365310852,6973.33898654444,-0.0114951631305924,0.646222148905672,-0.287048661839201,-0.287048661839201,0.646222148905672,0.00225635000390979,0,0
388,5947245.4464486,2907668.25263812,-2.27464355186066,-3413.07938595452,6969.34284218211,-0.01152279873297,0.646543015048436,-0.286325216654094,-0.286325216654094,0.646543015048436,0.00222053492432868,0,0
389,5943828.27614467,2914635.59340827,-2.28618016181669,-3421.26044141234,6965.33709873157,-0.011550418544047,0.646857956772685,-0.285612996482607,-0.285612996482607,0.646857956772685,0.00218471984474757,0,0
390,5940402.92712865,2921598.92363771,-2.29774438367237,-3429.43680824861,6961.32176163781,-0.0115780225258985,0.647167011958743,-0.28491201910812,-0.28491201910812,0.647167011958743,0.00214890476516647,0,0
391,5936969.40409478,2928558.2337355,-2.30933620157947,-3437.60847523613,6957.29683635896,-0.0116056106406205,0.647470217902478,-0.284222301956101,-0.284222301956101,0.647470217902478,0.00211308968558536,0,0
392,5933527.71174853,2935513.51411618,-2.32095559965193,-3445.77543115407,6953.2623283662,-0.0116331828503302,0.647767611312386,-0.283543862100011,-0.283543862100011,0.647767611312386,0.00207727460600425,0,0
393,5930077.85480658,2942464.75519981,-2.33260256196581,-3453.93766478791,6949.21824314377,-0.0116607391171665,0.648059228309115,-0.282876716262256,-0.282876716262256,0.648059228309115,0.00204145952642315,0,0
394,5926619.83799679,2949411.94741189,-2.34427707255935,-3462.09516492951,6945.16458618895,-0.0116882794032898,0.648345104424591,-0.282220880816003,-0.282220880816003,0.648345104424591,0.00200564444684204,0,0
395,5923153.66605827,2956355.08118346,-2.35597911543291,-3470.24792037694,6941.10136301216,-0.0117158036708812,0.648625274599395,-0.281576371790574,-0.281576371790574,0.648625274599395,0.00196982936726093,0,0
396,5919679.34374133,2963294.14695103,-2.36770867454902,-3478.39591993458,6937.02857913687,-0.0117433118821433,0.648899773181535,-0.280943204873999,-0.280943204873999,0.648899773181535,0.00193401428767983,0,0
397,5916196.87580744,2970229.13515667,-2.37946573383247,-3486.53915241326,6932.94624009957,-0.0117708039993002,0.649168633924183,-0.280321395417738,-0.280321395417738,0.649168633924183,0.00189819920809872,0,0
398,5912706.26702926,2977160.03624801,-2.39125027717031,-3494.67760663021,6928.85435144976,-0.0117982799845981,0.6494318899856,-0.279710958436828,-0.279710958436828,0.6494318899856,0.00186238412851761,0,0
399,5909207.52219065,2984086.84067822,-2.40306228841182,-3502.81127140906,6924.75291875,-0.0118257398003045,0.649689573927511,-0.279111908613338,-0.279111908613338,0.649689573927511,0.00182656904893651,0,0
400,5905700.64608664,2991009.53890603,-2.41490175136852,-3510.94013557972,6920.6419475759,-0.0118531834087081,0.649941717713488,-0.278524260299775,-0.278524260299775,0.649941717713488,0.0017907539693554,0,0
401,5902185.64352342,2997928.12139575,-2.42676864981424,-3519.06418797855,6916.52144351612,-0.0118806107721194,0.65018835270711,-0.277948027523028,-0.277948027523028,0.65018835270711,0.00175493888977429,0,0
402,5898662.51931833,3004842.57861729,-2.43866296748517,-3527.1834174484,6912.39141217227,-0.0119080218528707,0.650429509670629,-0.277383223987241,-0.277383223987241,0.650429509670629,0.00171912381019319,0,0
403,5895131.27829988,3011752.90104619,-2.45058468807986,-3535.29781283861,6908.25185915896,-0.0119354166133165,0.650665218764902,-0.27682986307394,-0.27682986307394,0.650665218764902,0.00168330873061208,0,0
404,5891591.92530772,3018659.0791636,-2.46253379525918,-3543.40736300498,6904.10279010381,-0.011962795015833,0.650895509547398,-0.276287957846389,-0.276287957846389,0.650895509547398,0.00164749365103097,0,0
405,5888044.46519265,3025561.10345628,-2.47451027264638,-3551.51205680965,6899.94421064748,-0.0119901570228177,0.65112041097129,-0.275757521051526,-0.275757521051526,0.65112041097129,0.00161167857144987,0,0
406,5884488.9028166,3032458.96441665,-2.48651410382711,-3559.6118831213,6895.7761264436,-0.0120175025966902,0.651339951383367,-0.275238565124586,-0.275238565124586,0.651339951383367,0.00157586349186876,0,0
407,5880925.24305262,3039352.65254279,-2.49854527234951,-3567.7068308152,6891.59854315876,-0.0120448316998922,0.651554158523292,-0.274731102190726,-0.274731102190726,0.651554158523292,0.00154004841228765,0,0
408,5877353.49078489,3046242.15833849,-2.51060376172414,-3575.79688877318,6887.41146647246,-0.0120721442948879,0.651763059523468,-0.274235144065311,-0.274235144065311,0.651763059523468,0.00150423333270654,0,0
409,5873773.65090869,3053127.47231318,-2.52268955542407,-3583.88204588355,6883.21490207723,-0.0120994403441634,0.651966680907036,-0.273750702258389,-0.273750702258389,0.651966680907036,0.00146841825312544,0,0
410,5870185.72833043,3060008.58498199,-2.53480263688477,-3591.96229104109,6879.00885567856,-0.0121267198102263,0.652165048587301,-0.273277787975956,-0.273277787975956,0.652165048587301,0.00143260317354433,0,0
411,5866589.72796762,3066885.48686577,-2.54694298950429,-3600.03761314718,6874.79333299492,-0.0121539826556064,0.652358187865735,-0.272816412124456,-0.272816412124456,0.652358187865735,0.00139678809396322,0,0
412,5862985.65474886,3073758.16849111,-2.55911059664323,-3608.10800110987,6870.56833975763,-0.0121812288428563,0.652546123431502,-0.272366585311858,-0.272366585311858,0.652546123431502,0.00136097301438212,0,0
413,5859373.51361382,3080626.62039034,-2.57130544162479,-3616.17344384382,6866.33388171096,-0.0122084583345512,0.65272887936132,-0.271928317847974,-0.271928317847974,0.65272887936132,0.00132515793480101,0,0
414,5855753.30951327,3087490.83310153,-2.58352750773471,-3624.2339302703,6862.08996461212,-0.0122356710932881,0.652906479117614,-0.271501619748656,-0.271501619748656,0.652906479117614,0.0012893428552199,0,0
415,5852125.04740906,3094350.79716849,-2.5957767782213,-3632.28944931705,6857.83659423128,-0.012262867081686,0.653078945548111,-0.271086500736718,-0.271086500736718,0.653078945548111,0.0012535277756388,0,0
416,5848488.73227412,3101206.50314083,-2.60805323629551,-3640.33998991855,6853.57377635153,-0.0122900462623865,0.653246300884056,-0.270682970246044,-0.270682970246044,0.653246300884056,0.00121771269605769,0,0
417,5844844.3690924,3108057.94157394,-2.62035686513102,-3648.38554101597,6849.30151676878,-0.0123172085980542,0.653408566739813,-0.270291037422526,-0.270291037422526,0.653408566739813,0.00118189761647658,0,0
418,5841191.96285894,3114905.10302905,-2.63268764786415,-3656.42609155722,6845.01982129185,-0.0123443540513761,0.653565764112782,-0.269910711124236,-0.269910711124236,0.653565764112782,0.00114608253689548,0,0
419,5837531.51857981,3121747.97807318,-2.64504556759392,-3664.46163049687,6840.72869574245,-0.0123714825850621,0.653717913381822,-0.269541999925103,-0.269541999925103,0.653717913381822,0.00111026745731437,0,0
420,5833863.04127215,3128586.55727915,-2.65743060738202,-3672.49214679603,6836.42814595524,-0.0123985941618435,0.653865034306892,-0.269184912115739,-0.269184912115739,0.653865034306892,0.00107445237773326,0,0
421,5830186.53596411,3135420.83122563,-2.66984275025289,-3680.5176294226,6832.11817777774,-0.0124256887444751,0.654007146027566,-0.268839455706929,-0.268839455706929,0.654007146027566,0.00103863729815216,0,0
422,5826502.00769488,3142250.79049717,-2.6822819791938,-3688.5380673513,6827.79879707029,-0.0124527662957343,0.654144267062563,-0.268505638430747,-0.268505638430747,0.654144267062563,0.00100282221857105,0,0
423,5822809.46151466,3149076.4256842,-2.6947482771548,-3696.55344956361,6823.47000970605,-0.0124798267784218,0.654276415309737,-0.268183467740566,-0.268183467740566,0.654276415309737,0.000967007138989942,0,0
424,5819108.90248466,3155897.72738301,-2.70724162704875,-3704.56376504778,6819.13182157105,-0.012506870155361,0.65440360804496,-0.267872950813721,-0.267872950813721,0.65440360804496,0.000931192059408836,0,0
425,5815400.33567712,3162714.68619575,-2.71976201175128,-3712.56900279871,6814.78423856425,-0.0125338963893976,0.654525861921518,-0.267574094552903,-0.267574094552903,0.654525861921518,0.000895376979827729,0,0
426,5811683.7661753,3169527.29273049,-2.73230941410089,-3720.56915181809,6810.4272665974,-0.0125609054434,0.654643192969197,-0.267286905588381,-0.267286905588381,0.654643192969197,0.000859561900246622,0,0
427,5807959.19907341,3176335.53760124,-2.744883816899,-3728.5642011145,6806.06091159507,-0.0125878972802603,0.654755616593564,-0.267011390279707,-0.267011390279707,0.654755616593564,0.000823746820665515,0,0
428,5804226.63947665,3183139.41142796,-2.75748520290995,-3736.55413970338,6801.68517949461,-0.0126148718628937,0.654863147575964,-0.266747554715721,-0.266747554715721,0.654863147575964,0.000787931741084408,0,0
429,5800486.09250123,3189938.90483652,-2.77011355486102,-3744.53895660707,6797.30007624617,-0.0126418291542386,0.654965800073101,-0.266495404715572,-0.266495404715572,0.654965800073101,0.000752116661503302,0,0
430,5796737.56327431,3196734.00845875,-2.78276885544238,-3752.51864085461,6792.90560781276,-0.0126687691172562,0.655063587615874,-0.266254945831497,-0.266254945831497,0.655063587615874,0.000716301581922195,0,0
431,5792981.05693405,3203524.71293243,-2.79545108730713,-3760.49318148186,6788.50178017024,-0.0126956917149302,0.655156523109317,-0.266026183348983,-0.266026183348983,0.655156523109317,0.000680486502341088,0,0
432,5789216.57862954,3210311.00890134,-2.80816023307144,-3768.46256753163,6784.08859930719,-0.012722596910268,0.655244618831546,-0.265809122289322,-0.265809122289322,0.655244618831546,0.000644671422759981,0,0
433,5785444.13352084,3217092.88701527,-2.82089627531451,-3776.42678805369,6779.66607122497,-0.0127494846663009,0.655327886433717,-0.265603767409714,-0.265603767409714,0.655327886433717,0.000608856343178874,0,0
434,5781663.72677894,3223870.33793004,-2.83365919657859,-3784.38583210477,6775.23420193766,-0.0127763549460835,0.655406336939994,-0.265410123203345,-0.265410123203345,0.655406336939994,0.000573041263597767,0,0
435,5777875.36358576,3230643.35230744,-2.84644897936899,-3792.33968874852,6770.79299747213,-0.0128032077126936,0.655479980746591,-0.26522819390171,-0.26522819390171,0.655479980746591,0.000537226184016661,0,0
436,5774079.0491342,3237411.92081531,-2.85926560615403,-3800.28834705532,6766.34246386811,-0.0128300429292318,0.655548827621684,-0.265057983474843,-0.265057983474843,0.655548827621684,0.000501411104435554,0,0
437,5770274.78862806,3244176.0341275,-2.87210905936516,-3808.23179610259,6761.88260717803,-0.0128568605588222,0.655612886704721,-0.264899495633002,-0.264899495633002,0.655612886704721,0.000465596024854447,0,0
438,5766462.58728206,3250935.68292397,-2.88497932139703,-3816.17002497476,6757.41343346706,-0.0128836605646129,0.655672166506096,-0.264752733827468,-0.264752733827468,0.655672166506096,0.00042978094527334,0,0
439,5762642.45032182,3257690.85789075,-2.89787637460744,-3824.10302276333,6752.93494881303,-0.0129104429097759,0.655726674907153,-0.264617701250548,-0.264617701250548,0.655726674907153,0.000393965865692234,0,0
440,5758814.38298387,3264441.54971996,-2.91080020131741,-3832.03077856683,6748.44715930651,-0.012937207557507,0.655776419160064,-0.264494400835858,-0.264494400835858,0.655776419160064,0.000358150786111126,0,0
441,5754978.39051563,3271187.74910981,-2.92375078381112,-3839.95328149073,6743.95007105081,-0.0129639544710252,0.655821405887035,-0.264382835260286,-0.264382835260286,0.655821405887035,0.00032233570653002,0,0
442,5751134.47817545,3277929.44676457,-2.9367281043359,-3847.87052064736,6739.44369016205,-0.0129906836135726,0.655861641080455,-0.264283006943631,-0.264283006943631,0.655861641080455,0.000286520626948913,0,0
443,5747282.65123255,3284666.63339464,-2.94973214510238,-3855.78248515619,6734.92802276901,-0.0130173949484154,0.65589713010235,-0.264194918049944,-0.264194918049944,0.65589713010235,0.000250705547367806,0,0
444,5743422.914967,3291399.29971662,-2.96276288828453,-3863.6891641438,6730.40307501312,-0.0130440884388438,0.655927877684296,-0.264118570487747,-0.264118570487747,0.655927877684296,0.000214890467786699,0,0
445,5739555.27466975,3298127.43645322,-2.97582031601962,-3871.59054674393,6725.86885304845,-0.0130707640481726,0.655953887927418,-0.264053965910038,-0.264053965910038,0.655953887927418,0.000179075388205593,0,0
446,5735679.7356426,3304851.03433335,-2.98890441040824,-3879.4866220974,6721.32536304176,-0.0130974217397404,0.655975164302338,-0.264001105714418,-0.264001105714418,0.655975164302338,0.000143260308624485,0,0
447,5731796.30319825,3311570.08409202,-3.00201515351429,-3887.37737935202,6716.77261117255,-0.0131240614769089,0.655991709648672,-0.263959991044338,-0.263959991044338,0.655991709648672,0.000107445229043379,0,0
448,5727904.98266021,3318284.57647047,-3.01515252736506,-3895.26280766273,6712.21060363297,-0.0131506832230643,0.656003526175109,-0.263930622788902,-0.263930622788902,0.656003526175109,7.16301494622718e-05,0,0
449,5724005.77936285,3324994.50221613,-3.02831651395122,-3903.14289619161,6707.63934662781,-0.0131772869416167,0.656010615459361,-0.263913001582993,-0.263913001582993,0.656010615459361,3.58150698811651e-05,0,0
450,5720098.69865137,3331699.85208264,-3.0415070952269,-3911.01763410792,6703.0588463745,-0.0132038725960005,0.656012978448073,-0.263907127807499,-0.263907127807499,0.656012978448073,4.15482622118314e-11,0,0
451,5716183.74588178,3338400.61682987,-3.05472425310965,-3918.88701058809,6698.46910910311,-0.0132304401496744,0.656012978454117,-0.263907127792473,-0.263907127792473,0.656012978454117,4.58094989913972e-11,0,0
452,5712260.92642094,3345096.78722392,-3.0679679694805,-3926.75101481568,6693.87014105635,-0.0132569895661211,0.656012978460162,-0.263907127777447,-0.263907127777447,0.656012978460162,4.58094989913972e-11,0,0
453,5708330.24564651,3351788.35403715,-3.08123822618399,-3934.6096359815,6689.26194848955,-0.0132835208088477,0.656012978466207,-0.263907127762422,-0.263907127762422,0.656012978466207,4.58094989913972e-11,0,0
454,5704391.70894688,3358475.30804824,-3.09453500502833,-3942.46286328383,6684.64453767045,-0.0133100338413873,0.656012978472252,-0.263907127747396,-0.263907127747396,0.656012978472252,4.58094989913972e-11,0,0
455,5700445.32172136,3365157.64004205,-3.10785828778502,-3950.31068592775,6680.01791487967,-0.0133365286272949,0.656012978478296,-0.26390712773237,-0.26390712773237,0.656012978478296,4.58094989913972e-11,0,0
456,5696491.08938004,3371835.34080966,-3.12120805618903,-3958.15309312544,6675.38208641054,-0.0133630051301494,0.656012978484341,-0.263907127717344,-0.263907127717344,0.656012978484341,4.58094989913972e-11,0,0
457,5692529.01734379,3378508.40114852,-3.13458429193906,-3965.99007409641,6670.73705856887,-0.0133894633135545,0.656012978490386,-0.263907127702318,-0.263907127702318,0.656012978490386,4.58094989913972e-11,0,0
458,5688559.11104421,3385176.8118624,-3.14798697669746,-3973.82161806759,6666.08283767302,-0.0134159031411393,0.656012978496431,-0.263907127687293,-0.263907127687293,0.656012978496431,4.58094989913972e-11,0,0
459,5684581.37592367,3391840.56376147,-3.16141609209029,-3981.64771427326,6661.41943005383,-0.0134423245765578,0.656012978502475,-0.263907127672267,-0.263907127672267,0.656012978502475,4.58094989913972e-11,0,0
460,5680595.81743529,3398499.64766219,-3.17487161970732,-3989.46835195511,6656.74684205468,-0.013468727583489,0.65601297850852,-0.263907127657241,-0.263907127657241,0.65601297850852,4.58094989913972e-11,0,0
461,5676602.44104295,3405154.05438741,-3.18835354110199,-3997.28352036216,6652.06508003146,-0.0134951121256373,0.656012978514565,-0.263907127642215,-0.263907127642215,0.656012978514565,4.58094989913972e-11,0,0
462,5672601.25222127,3411803.77476631,-3.20186183779146,-4005.09320875087,6647.37415035255,-0.0135214781667319,0.656012978520609,-0.263907127627189,-0.263907127627189,0.656012978520609,4.58094989913972e-11,0,0
463,5668592.25645562,3418448.79963448,-3.21539649125662,-4012.89740638476,6642.67405939903,-0.0135478256705255,0.656012978526654,-0.263907127612163,-0.263907127612163,0.656012978526654,4.58094989913972e-11,0,0
464,5664575.45924218,3425089.11983372,-3.22895748294185,-4020.69610253436,6637.96481356474,-0.0135741546007939,0.656012978532699,-0.263907127597138,-0.263907127597138,0.656012978532699,4.58094989913972e-11,0,0
465,5660550.86608784,3431724.7262123,-3.24254479425538,-4028.48928647765,6633.24641925598,-0.0136004649213381,0.656012978538744,-0.263907127582112,-0.263907127582112,0.656012978538744,4.58094989913972e-11,0,0
466,5656518.48251017,3438355.60962493,-3.25615840656935,-4036.2769475001,6628.5188828915,-0.0136267565959847,0.656012978544788,-0.263907127567086,-0.263907127567086,0.656012978544788,4.58094989913972e-11,0,0
467,5652478.31403743,3444981.76093279,-3.26979830121982,-4044.05907489472,6623.78221090248,-0.0136530295885857,0.656012978550833,-0.26390712755206,-0.26390712755206,0.656012978550833,4.58094989913972e-11,0,0
468,5648430.36620859,3451603.1710035,-3.28346445950676,-4051.83565796198,6619.03640973254,-0.0136792838630187,0.656012978556878,-0.263907127537034,-0.263907127537034,0.656012978556878,4.58094989913972e-11,0,0
469,5644374.6445733,3458219.83071116,-3.29715686269402,-4059.60668600989,6614.28148583777,-0.0137055193831868,0.656012978562923,-0.263907127522009,-0.263907127522009,0.656012978562923,4.58094989913972e-11,0,0
470,5640311.15469189,3464831.73093629,-3.31087549200938,-4067.37214835394,6609.51744568665,-0.0137317361130187,0.656012978568967,-0.263907127506983,-0.263907127506983,0.656012978568967,4.58094989913972e-11,0,0
471,5636239.90213538,3471438.86256595,-3.32462032864461,-4075.13203431711,6604.74429576016,-0.0137579340164683,0.656012978575012,-0.263907127491957,-0.263907127491957,0.656012978575012,4.58094989913972e-11,0,0
472,5632160.89248549,3478041.21649357,-3.33839135375525,-4082.88633322947,6599.96204255197,-0.0137841130575125,0.656012978581057,-0.263907127476931,-0.263907127476931,0.656012978581057,4.58094989913972e-11,0,0
473,5628074.13133468,3484638.78361903,-3.35218854846069,-4090.63503442836,6595.17069256833,-0.0138102732001528,0.656012978587102,-0.263907127461905,-0.263907127461905,0.656012978587102,4.58094989913972e-11,0,0
474,5623979.624286,3491231.55484877,-3.36601189384443,-4098.37812725876,6590.37025232786,-0.0138364144084164,0.656012978593146,-0.263907127446879,-0.263907127446879,0.656012978593146,4.58094989913972e-11,0,0
475,5619877.37695316,3497819.52109578,-3.3798613709541,-4106.11560107327,6585.56072836154,-0.0138625366463565,0.656012978599191,-0.263907127431854,-0.263907127431854,0.656012978599191,4.58094989913972e-11,0,0
476,5615767.39496048,3504402.67327964,-3.39373696080147,-4113.84744523212,6580.74212721274,-0.0138886398780523,0.656012978605236,-0.263907127416828,-0.263907127416828,0.656012978605236,4.58094989913972e-11,0,0
477,5611649.68394291,3510981.00232647,-3.40763864436241,-4121.57364910317,6575.91445543717,-0.0139147240676089,0.65601297861128,-0.263907127401802,-0.263907127401802,0.65601297861128,4.58094989913972e-11,0,0
478,5607524.24954603,3517554.49916898,-3.42156640257693,-4129.29420206192,6571.07771960293,-0.0139407891791573,0.656012978617325,-0.263907127386776,-0.263907127386776,0.656012978617325,4.58094989913972e-11,0,0
479,5603391.09742603,3524123.15474642,-3.4355202163492,-4137.00909349149,6566.23192629045,-0.0139668351768545,0.65601297862337,-0.26390712737175,-0.26390712737175,0.65601297862337,4.58094989913972e-11,0,0
480,5599250.23324972,3530686.96000466,-3.44950006654756,-4144.71831278253,6561.37708209263,-0.0139928620248827,0.656012978629415,-0.263907127356725,-0.263907127356725,0.656012978629415,4.58094989913972e-11,0,0
481,5595101.66269457,3537245.90589606,-3.46350593400431,-4152.42184933284,6556.51319361503,-0.0140188696874475,0.656012978635459,-0.263907127341699,-0.263907127341699,0.656012978635459,4.58094989913972e-11,0,0
482,5590945.39144868,3543799.98337956,-3.47753779951589,-4160.11969254778,6551.64026747562,-0.0140448581287799,0.656012978641504,-0.263907127326673,-0.263907127326673,0.656012978641504,4.58094989913972e-11,0,0
483,5586781.42521071,3550349.18342078,-3.49159564384313,-4167.8118318405,6546.75831030465,-0.0140708273131373,0.656012978647549,-0.263907127311647,-0.263907127311647,0.656012978647549,4.58094989913972e-11,0,0
484,5582609.76968986,3556893.49699201,-3.5056794477112,-4175.49825663188,6541.86732874466,-0.0140967772048034,0.656012978653593,-0.263907127296621,-0.263907127296621,0.656012978653593,4.58094989913972e-11,0,0
485,5578430.4306059,3563432.91507221,-3.51978919180961,-4183.17895635056,6536.96732945051,-0.0141227077680886,0.656012978659638,-0.263907127281596,-0.263907127281596,0.656012978659638,4.58094989913972e-11,0,0
486,5574243.41368917,3569967.42864702,-3.53392485679224,-4190.85392043293,6532.0583190893,-0.0141486189673293,0.656012978665683,-0.26390712726657,-0.26390712726657,0.656012978665683,4.58094989913972e-11,0,0
487,5570048.72468054,3576497.02870875,-3.54808642327731,-4198.52313832315,6527.14030434048,-0.0141745107668884,0.656012978671728,-0.263907127251544,-0.263907127251544,0.656012978671728,4.58094989913972e-11,0,0
488,5565846.36933148,3583021.7062564,-3.56227387184743,-4206.18659947313,6522.21329189573,-0.0142003831311552,0.656012978677772,-0.263907127236518,-0.263907127236518,0.656012978677772,4.58094989913972e-11,0,0
489,5561636.35340395,3589541.45229566,-3.57648718304959,-4213.84429334231,6517.2772884592,-0.0142262360245439,0.656012978683817,-0.263907127221492,-0.263907127221492,0.656012978683817,4.58094989913972e-11,0,0
490,5557418.68267057,3596056.2578388,-3.59072633739493,-4221.49620939744,6512.33230074762,-0.0142520694114928,0.656012978689862,-0.263907127206466,-0.263907127206466,0.656012978689862,4.58094989913972e-11,0,0
491,5553193.36291447,3602566.11390484,-3.60499131535906,-4229.1423371131,6507.37833548997,-0.0142778832564664,0.656012978695906,-0.263907127191441,-0.263907127191441,0.656012978695906,4.58094989913972e-11,0,0
492,5548960.39992925,3609071.01151959,-3.61928209738221,-4236.78266597173,6502.41539942744,-0.0143036775239565,0.656012978701951,-0.263907127176415,-0.263907127176415,0.656012978701951,4.58094989913972e-11,0,0
493,5544719.79951902,3615570.94171561,-3.63359866386917,-4244.41718546366,6497.44349931345,-0.0143294521784811,0.656012978707996,-0.263907127161389,-0.263907127161389,0.656012978707996,4.58094989913972e-11,0,0
494,5540471.56749839,3622065.89553228,-3.64794099518931,-4252.04588508711,6492.46264191362,-0.0143552071845855,0.656012978714041,-0.263907127146363,-0.263907127146363,0.656012978714041,4.58094989913972e-11,0,0
495,5536215.70969244,3628555.86401574,-3.66230907167659,-4259.66875434815,6487.47283400579,-0.0143809425068414,0.656012978720085,-0.263907127131337,-0.263907127131337,0.656012978720085,4.58094989913972e-11,0,0
496,5531952.23193674,3635040.8382189,-3.67670287362954,-4267.28578276075,6482.47408238,-0.0144066581098475,0.65601297872613,-0.263907127116312,-0.263907127116312,0.65601297872613,4.58094989913972e-11,0,0
497,5527681.14007737,3641520.8092015,-3.69112238131134,-4274.89695984676,6477.46639383852,-0.0144323539582293,0.656012978732175,-0.263907127101286,-0.263907127101286,0.656012978732175,4.58094989913972e-11,0,0
498,5523402.43997088,3647995.76803003,-3.70556757494971,-4282.50227513554,6472.44977519606,-0.0144580300166367,0.65601297873822,-0.26390712708626,-0.26390712708626,0.65601297873822,4.58094989913972e-11,0,0
499,5519116.13748436,3654465.70577771,-3.72003843473677,-4290.10171816404,6467.42423327976,-0.0144836862497449,0.656012978744264,-0.263907127071234,-0.263907127071234,0.656012978744264,4.58094989913972e-11,0,0
500,5514822.23849533,3660930.61352463,-3.73453494082943,-4297.69527847717,6462.38977492894,-0.0145093226222562,0.656012978750309,-0.263907127056208,-0.263907127056208,0.656012978750309,4.58094989913972e-11,0,0
501,5510520.74889176,3667390.48235775,-3.74905707334943,-4305.28294562783,6457.346406995,-0.0145349390989,0.656012978756354,-0.263907127041183,-0.263907127041183,0.656012978756354,4.58094989913972e-11,0,0
502,5506211.67457201,3673845.30337095,-3.7636048123833,-4312.86470917696,6452.29413634152,-0.0145605356444329,0.656012978762399,-0.263907127026157,-0.263907127026157,0.656012978762399,4.58094989913972e-11,0,0
503,5501895.02144488,3680295.06766497,-3.77817813798241,-4320.44055869348,6447.2329698442,-0.0145861122236388,0.656012978768443,-0.263907127011131,-0.263907127011131,0.656012978768443,4.58094989913972e-11,0,0
504,5497570.79542958,3686739.76634745,-3.79277703016293,-4328.0104837543,6442.16291439086,-0.0146116688013288,0.656012978774488,-0.263907126996105,-0.263907126996105,0.656012978774488,4.58094989913972e-11,0,0
505,5493239.00245575,3693179.39053293,-3.80740146890585,-4335.57447394437,6437.08397688149,-0.0146372053423412,0.656012978780533,-0.263907126981079,-0.263907126981079,0.656012978780533,4.58094989913972e-11,0,0
506,5488899.64846344,3699613.93134284,-3.82205143415703,-4343.1325188566,6431.9961642282,-0.0146627218115412,0.656012978786577,-0.263907126966054,-0.263907126966054,0.656012978786577,4.58094989913972e-11,0,0
507,5484552.73940313,3706043.3799055,-3.83672690582707,-4350.68460809146,6426.89948335554,-0.0146882181738187,0.656012978792622,-0.263907126951028,-0.263907126951028,0.656012978792622,4.58094989913972e-11,0,0
508,5480198.28123578,3712467.72735604,-3.85142786379127,-4358.23073125723,6421.79394120036,-0.0147136943940899,0.656012978798667,-0.263907126936002,-0.263907126936002,0.656012978798667,4.58094989913972e-11,0,0
509,5475836.27993266,3718886.96483661,-3.86615428788996,-4365.77087797032,6416.67954471153,-0.0147391504372982,0.656012978804712,-0.263907126920976,-0.263907126920976,0.656012978804712,4.58094989913972e-11,0,0
510,5471466.74147543,3725301.08349635,-3.88090615792854,-4373.30503785525,6411.55630085001,-0.0147645862684151,0.656012978810756,-0.26390712690595,-0.26390712690595,0.656012978810756,4.58094989913972e-11,0,0
511,5467089.6718561,3731710.07449139,-3.89568345367747,-4380.83320054467,6406.42421658879,-0.0147900018524392,0.656012978816801,-0.263907126890924,-0.263907126890924,0.656012978816801,4.58094989913972e-11,0,0
512,5462705.077077,3738113.92898486,-3.91048615487226,-4388.35535567939,6401.28329891294,-0.0148153971543973,0.656012978822846,-0.263907126875899,-0.263907126875899,0.656012978822846,4.58094989913972e-11,0,0
513,5458312.96315084,3744512.63814688,-3.92531424121345,-4395.87149290829,6396.13355481956,-0.0148407721393433,0.656012978828891,-0.263907126860873,-0.263907126860873,0.656012978828891,4.58094989913972e-11,0,0
514,5453913.33610068,3750906.19315458,-3.94016769236667,-4403.38160188844,6390.97499131781,-0.0148661267723591,0.656012978834935,-0.263907126845847,-0.263907126845847,0.656012978834935,4.58094989913972e-11,0,0
515,5449506.2019599,3757294.5851921,-3.95504648796267,-4410.88567228493,6385.80761542895,-0.0148914610185535,0.65601297884098,-0.263907126830821,-0.263907126830821,0.65601297884098,4.58094989913972e-11,0,0
516,5445091.56677227,3763677.80545053,-3.96995060759707,-4418.38369377052,6380.63143418663,-0.0149167748430605,0.656012978847025,-0.263907126815795,-0.263907126815795,0.656012978847025,4.58094989913972e-11,0,0
517,5440669.43659193,3770055.84512795,-3.98488003083054,-4425.87565602599,6375.44645463665,-0.0149420682110408,0.656012978853069,-0.26390712680077,-0.26390712680077,0.656012978853069,4.58094989913972e-11,0,0
518,5436239.8174833,3776428.69542953,-3.99983473718905,-4433.36154874037,6370.25268383677,-0.0149673410876833,0.656012978859114,-0.263907126785744,-0.263907126785744,0.656012978859114,4.58094989913972e-11,0,0
519,5431802.71552107,3782796.34756755,-4.01481470616386,-4440.84136161093,6365.0501288567,-0.0149925934382047,0.656012978865159,-0.263907126770718,-0.263907126770718,0.656012978865159,4.58094989913972e-11,0,0
520,5427358.13679022,3789158.7927614,-4.02981991721151,-4448.3150843432,6359.83879677817,-0.0150178252278502,0.656012978871204,-0.263907126755692,-0.263907126755692,0.656012978871204,4.58094989913972e-11,0,0
521,5422906.087386,3795516.02223757,-4.04485034975385,-4455.78270665097,6354.61869469484,-0.0150430364218927,0.656012978877248,-0.263907126740666,-0.263907126740666,0.656012978877248,4.58094989913972e-11,0,0
522,5418446.57341395,3801868.02722964,-4.05990598317805,-4463.24421825627,6349.38982971237,-0.0150682269856332,0.656012978883293,-0.26390712672564,-0.26390712672564,0.656012978883293,4.58094989913972e-11,0,0
523,5413979.60098988,3808214.7989783,-4.07498679683653,-4470.69960888939,6344.15220894837,-0.0150933968844008,0.656012978889338,-0.263907126710615,-0.263907126710615,0.656012978889338,4.58094989913972e-11,0,0
524,5409505.17623987,3814556.32873139,-4.09009277004715,-4478.14886828877,6338.9058395325,-0.0151185460835519,0.656012978895383,-0.263907126695589,-0.263907126695589,0.656012978895383,4.58094989913972e-11,0,0
525,5405023.3053003,3820892.60774375,-4.1052238820928,-4485.5919862006,6333.65072860677,-0.0151436745484681,0.656012978901427,-0.263907126680563,-0.263907126680563,0.656012978901427,4.58094989913972e-11,0,0
526,5400533.99431787,3827223.62727738,-4.12038011222174,-4493.02895237929,6328.38688332518,-0.015168782244559,0.656012978907472,-0.263907126665537,-0.263907126665537,0.656012978907472,4.58094989913972e-11,0,0
527,5396037.24944945,3833549.37860146,-4.13556143964777,-4500.45975658763,6323.1143108536,-0.0151938691372624,0.656012978913517,-0.263907126650511,-0.263907126650511,0.656012978913517,4.58094989913972e-11,0,0
528,5391533.07686211,3839869.85299239,-4.15076784355023,-4507.88438859677,6317.83301836982,-0.0152189351920445,0.656012978919561,-0.263907126635486,-0.263907126635486,0.656012978919561,4.58094989913972e-11,0,0
529,5387021.48273317,3846185.04173378,-4.16599930307401,-4515.30283818626,6312.54301306351,-0.0152439803744004,0.656012978925606,-0.26390712662046,-0.26390712662046,0.656012978925606,4.58094989913972e-11,0,0
530,5382502.4732501,3852494.93611644,-4.18125579732954,-4522.715095144,6307.24430213621,-0.0152690046498531,0.656012978931651,-0.263907126605434,-0.263907126605434,0.656012978931651,4.58094989913972e-11,0,0
531,5377976.05461063,3858799.5274384,-4.19653730539279,-4530.12114926628,6301.93689280136,-0.0152940079839545,0.656012978937696,-0.263907126590408,-0.263907126590408,0.656012978937696,4.58094989913972e-11,0,0
532,5373442.23302265,3865098.80700489,-4.21184380630529,-4537.52099035777,6296.6207922843,-0.0153189903422848,0.65601297894374,-0.263907126575382,-0.263907126575382,0.65601297894374,4.58094989913972e-11,0,0
533,5368901.01470425,3871392.76612841,-4.2271752790742,-4544.91460823136,6291.29600782234,-0.0153439516904517,0.656012978949785,-0.263907126560357,-0.263907126560357,0.656012978949785,4.58094989913972e-11,0,0
534,5364352.4058838,3877681.39612854,-4.24253170267197,-4552.30199270784,6285.96254666507,-0.0153688919940886,0.65601297895583,-0.263907126545331,-0.263907126545331,0.65601297895583,4.58094989913972e-11,0,0
535,5359796.41279985,3883964.68833216,-4.25791305603668,-4559.68313361638,6280.62041607393,-0.0153938112188573,0.656012978961874,-0.263907126530305,-0.263907126530305,0.656012978961874,4.58094989913972e-11,0,0
536,5355233.04170107,3890242.63407341,-4.27331931807225,-4567.05802079465,6275.2696233222,-0.0154187093304487,0.656012978967919,-0.263907126515279,-0.263907126515279,0.656012978967919,4.58094989913972e-11,0,0
537,5350662.29884625,3896515.2246938,-4.28875046764834,-4574.4266440888,6269.91017569493,-0.0154435862945821,0.656012978973964,-0.263907126500253,-0.263907126500253,0.656012978973964,4.58094989913972e-11,0,0
538,5346084.19050435,3902782.45154212,-4.30420648360044,-4581.78899335351,6264.542080489,-0.0154684420770062,0.656012978980009,-0.263907126485227,-0.263907126485227,0.656012978980009,4.58094989913972e-11,0,0
539,5341498.72295442,3909044.30597448,-4.31968734472983,-4589.14505845194,6259.16534501307,-0.0154932766434984,0.656012978986053,-0.263907126470202,-0.263907126470202,0.656012978986053,4.58094989913972e-11,0,0
540,5336905.90248568,3915300.77935431,-4.33519302980358,-4596.49482925575,6253.77997658764,-0.0155180899598647,0.656012978992098,-0.263907126455176,-0.263907126455176,0.656012978992098,4.58094989913972e-11,0,0
541,5332305.73539744,3921551.86305237,-4.35072351755458,-4603.83829564511,6248.38598254497,-0.0155428819919404,0.656012978998143,-0.26390712644015,-0.26390712644015,0.656012978998143,4.58094989913972e-11,0,0
542,5327698.22799915,3927797.54844675,-4.36627878668159,-4611.1754475085,6242.98337022928,-0.0155676527055882,0.656012979004188,-0.263907126425124,-0.263907126425124,0.656012979004188,4.58094989913972e-11,0,0
543,5323083.38661045,3934037.82692277,-4.38185881584889,-4618.50627474243,6237.57214699694,-0.0155924020666974,0.656012979010232,-0.263907126410098,-0.263907126410098,0.656012979010232,4.58094989913972e-11,0,0
544,5318461.21756107,3940272.68987312,-4.39746358368671,-4625.83076725196,6232.1523202161,-0.0156171300411858,0.656012979016277,-0.263907126395073,-0.263907126395073,0.656012979016277,4.58094989913972e-11,0,0
545,5313831.72719081,3946502.12869791,-4.41309306879131,-4633.14891495075,6226.72389726666,-0.0156418365950008,0.656012979022322,-0.263907126380047,-0.263907126380047,0.656012979022322,4.58094989913972e-11,0,0
546,5309194.9218495,3952726.13480468,-4.42874724972503,-4640.46070776109,6221.28688554019,-0.015666521694119,0.656012979028367,-0.263907126365021,-0.263907126365021,0.656012979028367,4.58094989913972e-11,0,0
547,5304550.80789706,3958944.69960837,-4.44442610501623,-4647.76613561389,6215.84129244,-0.0156911853045463,0.656012979034411,-0.263907126349995,-0.263907126349995,0.656012979034411,4.58094989913972e-11,0,0
548,5299899.39170344,3965157.81453136,-4.46012961315934,-4655.06518844867,6210.38712538112,-0.0157158273923178,0.656012979040456,-0.263907126334969,-0.263907126334969,0.656012979040456,4.58094989913972e-11,0,0
549,5295240.67964866,3971365.47100344,-4.47585775261485,-4662.3578562136,6204.92439179029,-0.0157404479234981,0.656012979046501,-0.263907126319944,-0.263907126319944,0.656012979046501,4.58094989913972e-11,0,0
550,5290574.67812277,3977567.66046184,-4.4916105018093,-4669.64412886545,6199.45309910596,-0.015765046864181,0.656012979052545,-0.263907126304918,-0.263907126304918,0.656012979052545,4.58094989913972e-11,0,0
551,5285901.39352589,3983764.37435122,-4.50738783913538,-4676.92399636943,6193.97325477846,-0.0157896241804882,0.65601297905859,-0.263907126289892,-0.263907126289892,0.65601297905859,4.58094989913972e-11,0,0
552,5281220.83226823,3989955.60412358,-4.52318974295154,-4684.19744869891,6188.48486627018,-0.0158141798385684,0.656012979064635,-0.263907126274866,-0.263907126274866,0.656012979064635,4.58094989913972e-11,0,0
553,5276533.00077005,3996141.34123842,-4.53901619158245,-4691.46447583591,6182.98794105521,-0.0158387138045994,0.65601297907068,-0.26390712625984,-0.26390712625984,0.65601297907068,4.58094989913972e-11,0,0
554,5271837.90546155,4002321.57716272,-4.55486716331907,-4698.72506777121,6177.48248661925,-0.0158632260447888,0.656012979076724,-0.263907126244814,-0.263907126244814,0.656012979076724,4.58094989913972e-11,0,0
555,5267135.55278294,4008496.30337103,-4.57074263641869,-4705.97921450434,6171.96851045965,-0.015887716525374,0.656012979082769,-0.263907126229789,-0.263907126229789,0.656012979082769,4.58094989913972e-11,0,0
556,5262425.9491844,4014665.5113454,-4.58664258910492,-4713.22690604356,6166.44602008537,-0.0159121852126221,0.656012979088814,-0.263907126214763,-0.263907126214763,0.656012979088814,4.58094989913972e-11,0,0
557,5257709.10112608,4020829.19257542,-4.60256699956768,-4720.46813240587,6160.91502301701,-0.0159366320728299,0.656012979094858,-0.263907126199737,-0.263907126199737,0.656012979094858,4.58094989913972e-11,0,0
558,5252985.01507812,4026987.3385582,-4.61851584596318,-4727.70288361703,6155.37552678679,-0.0159610570723238,0.656012979100903,-0.263907126184711,-0.263907126184711,0.656012979100903,4.58094989913972e-11,0,0
559,5248253.69752061,4033139.94079838,-4.634489106414,-4734.93114971155,6149.82753893857,-0.01598546017746,0.656012979106948,-0.263907126169685,-0.263907126169685,0.656012979106948,4.58094989913972e-11,0,0
560,5243515.15494363,4039286.99080817,-4.65048675900909,-4742.15292073246,6144.27106702798,-0.0160098413546231,0.656012979112993,-0.26390712615466,-0.26390712615466,0.656012979112993,4.58094989913972e-11,0,0
561,5238769.39384729,4045428.48010719,-4.66650878180342,-4749.36818673111,6138.70611862263,-0.0160342005702249,0.656012979119037,-0.263907126139634,-0.263907126139634,0.656012979119037,4.58094989913972e-11,0,0
562,5234016.42074164,4051564.40022267,-4.68255515281846,-4756.5769377676,6133.13270130177,-0.0160585377907069,0.656012979125082,-0.263907126124608,-0.263907126124608,0.656012979125082,4.58094989913972e-11,0,0
563,5229256.24214664,4057694.74268945,-4.69862585004223,-4763.77916391094,6127.55082265614,-0.0160828529825409,0.656012979131127,-0.263907126109582,-0.263907126109582,0.656012979131127,4.58094989913972e-11,0,0
564,5224488.86459213,4063819.49905002,-4.71472085142936,-4770.97485523898,6121.96049028805,-0.0161071461122286,0.656012979137172,-0.263907126094556,-0.263907126094556,0.656012979137172,4.58094989913972e-11,0,0
565,5219714.29461787,4069938.66085449,-4.73084013490103,-4778.16400183843,6116.36171181133,-0.0161314171463019,0.656012979143216,-0.26390712607953,-0.26390712607953,0.656012979143216,4.58094989913972e-11,0,0
566,5214932.5387735,4076052.2196606,-4.74698367834502,-4785.34659380488,6110.75449485136,-0.016155666051323,0.656012979149261,-0.263907126064505,-0.263907126064505,0.656012979149261,4.58094989913972e-11,0,0
567,5210143.60361858,4082160.16703373,-4.76315145961568,-4792.52262124279,6105.13884704505,-0.016179892793884,0.656012979155306,-0.263907126049479,-0.263907126049479,0.656012979155306,4.58094989913972e-11,0,0
568,5205347.49572255,4088262.49454688,-4.77934345653395,-4799.69207426548,6099.51477604087,-0.0162040973406072,0.65601297916135,-0.263907126034453,-0.263907126034453,0.65601297916135,4.58094989913972e-11,0,0
569,5200544.22166472,4094359.19378074,-4.79555964688747,-4806.85494299496,6093.88228949893,-0.0162282796581438,0.656012979167395,-0.263907126019427,-0.263907126019427,0.656012979167395,4.58094989913972e-11,0,0
570,5195733.78803441,4100450.25632351,-4.81180000843011,-4814.01121756162,6088.2413950913,-0.0162524397131726,0.65601297917344,-0.263907126004401,-0.263907126004401,0.65601297917344,4.58094989913972e-11,0,0
571,5190916.20143076,4106535.67377109,-4.82806451888253,-4821.16088810477,6082.59210050155,-0.0162765774724023,0.656012979179485,-0.263907125989376,-0.263907125989376,0.656012979179485,4.58094989913972e-11,0,0
572,5186091.46846274,4112615.43772712,-4.8443531559322,-4828.30394477272,6076.93441342468,-0.0163006929025725,0.656012979185529,-0.26390712597435,-0.26390712597435,0.656012979185529,4.58094989913972e-11,0,0
573,5181259.59574915,4118689.53980297,-4.86066589723346,-4835.44037772274,6071.26834156715,-0.0163247859704531,0.656012979191574,-0.263907125959324,-0.263907125959324,0.656012979191574,4.58094989913972e-11,0,0
574,5176420.58991861,4124757.97161774,-4.87700272040749,-4842.5701771211,6065.59389264687,-0.0163488566428446,0.656012979197619,-0.263907125944298,-0.263907125944298,0.656012979197619,4.58094989913972e-11,0,0
575,5171574.45760954,4130820.72479827,-4.89336360304232,-4849.69333314307,6059.9110743932,-0.016372904886578,0.656012979203664,-0.263907125929272,-0.263907125929272,0.656012979203664,4.58094989913972e-11,0,0
576,5166721.20547021,4136877.79097914,-4.90974852269284,-4856.80983597288,6054.21989454694,-0.0163969306685149,0.656012979209708,-0.263907125914247,-0.263907125914247,0.656012979209708,4.58094989913972e-11,0,0
577,5161860.84015867,4142929.16180266,-4.9261574568808,-4863.91967580377,6048.52036086033,-0.0164209339555474,0.656012979215753,-0.263907125899221,-0.263907125899221,0.656012979215753,4.58094989913972e-11,0,0
578,5156993.36834278,4148974.82891893,-4.94259038309489,-4871.02284283782,6042.81248109719,-0.0164449147145971,0.656012979221798,-0.263907125884195,-0.263907125884195,0.656012979221798,4.58094989913972e-11,0,0
579,5152118.79670031,4155014.78398568,-4.95904727879036,-4878.1193272856,6037.09626303319,-0.0164688729126133,0.656012979227842,-0.263907125869169,-0.263907125869169,0.656012979227842,4.58094989913972e-11,0,0
580,5147237.1319188,4161049.0186684,-4.97552812138945,-4885.20911936668,6031.37171445543,-0.0164928085165759,0.656012979233887,-0.263907125854143,-0.263907125854143,0.656012979233887,4.58094989913972e-11,0,0
581,5142348.38069553,4167077.52464046,-4.99203288828151,-4892.29220930976,6025.63884316236,-0.0165167214934957,0.656012979239932,-0.263907125839117,-0.263907125839117,0.656012979239932,4.58094989913972e-11,0,0
582,5137452.54973751,4173100.29358306,-5.00856155682302,-4899.36858735263,6019.8976569638,-0.0165406118104146,0.656012979245977,-0.263907125824092,-0.263907125824092,0.656012979245977,4.58094989913972e-11,0,0
583,5132549.64576151,4179117.3171852,-5.02511410433758,-4906.43824374221,6014.1481636809,-0.0165644794344053,0.656012979252021,-0.263907125809066,-0.263907125809066,0.656012979252021,4.58094989913972e-11,0,0
584,5127639.675494,4185128.58714378,-5.04169050811593,-4913.5011687345,6008.39037114619,-0.0165883243325713,0.656012979258066,-0.26390712579404,-0.26390712579404,0.656012979258066,4.58094989913972e-11,0,0
585,5122722.64567124,4191134.0951635,-5.05829074541593,-4920.55735259462,6002.62428720354,-0.0166121464720474,0.656012979264111,-0.263907125779014,-0.263907125779014,0.656012979264111,4.58094989913972e-11,0,0
586,5117798.56303919,4197133.83295691,-5.07491479346256,-4927.60678559682,5996.84991970816,-0.016635945819999,0.656012979270156,-0.263907125763988,-0.263907125763988,0.656012979270156,4.58094989913972e-11,0,0
587,5112867.43435351,4203127.79224444,-5.09156262944805,-4934.64945802432,5991.06727652674,-0.0166597223436218,0.6560129792762,-0.263907125748963,-0.263907125748963,0.6560129792762,4.58094989913972e-11,0,0
588,5107929.26637969,4209115.96475427,-5.10823423053148,-4941.68536016896,5985.27636553773,-0.0166834760101396,0.656012979282245,-0.263907125733937,-0.263907125733937,0.656012979282245,4.58094989913972e-11,0,0
589,5102984.06589295,4215098.34222245,-5.12492957383911,-4948.71448233167,5979.47719463093,-0.016707206786807,0.65601297928829,-0.263907125718911,-0.263907125718911,0.65601297928829,4.58094989913972e-11,0,0
590,5098031.83967814,4221074.91639299,-5.14164863646463,-4955.73681482262,5973.66977170744,-0.0167309146409097,0.656012979294334,-0.263907125703885,-0.263907125703885,0.656012979294334,4.58094989913972e-11,0,0
591,5093072.59452977,4227045.67901781,-5.15839139546913,-4962.75234796119,5967.85410467957,-0.0167545995397649,0.656012979300379,-0.263907125688859,-0.263907125688859,0.656012979300379,4.58094989913972e-11,0,0
592,5088106.33725202,4233010.62185681,-5.1751578278811,-4969.76107207601,5962.03020147095,-0.0167782614507214,0.656012979306424,-0.263907125673834,-0.263907125673834,0.656012979306424,4.58094989913972e-11,0,0
593,5083133.0746587,4238969.73667779,-5.19194791069644,-4976.76297750492,5956.1980700164,-0.0168019003411589,0.656012979312469,-0.263907125658808,-0.263907125658808,0.656012979312469,4.58094989913972e-11,0,0
594,5078152.81357329,4244923.01525654,-5.20876162087845,-4983.75805459501,5950.35771826206,-0.0168255161784888,0.656012979318513,-0.263907125643782,-0.263907125643782,0.656012979318513,4.58094989913972e-11,0,0
595,5073165.56082894,4250870.44937675,-5.22559893535784,-4990.74629370257,5944.5091541653,-0.0168491089301537,0.656012979324558,-0.263907125628756,-0.263907125628756,0.656012979324558,4.58094989913972e-11,0,0
596,5068171.32326844,4256812.03083006,-5.24245983103263,-4997.72768519282,5938.65238569504,-0.0168726785636256,0.656012979330603,-0.26390712561373,-0.26390712561373,0.656012979330603,4.58094989913972e-11,0,0
597,5063170.10774428,4262747.75141603,-5.25934428476825,-5004.70221943996,5932.78742083164,-0.0168962250464064,0.656012979336647,-0.263907125598704,-0.263907125598704,0.656012979336647,4.58094989913972e-11,0,0
598,5058161.92111851,4268677.60294226,-5.27625227339774,-5011.66988682762,5926.91426756659,-0.0169197483460302,0.656012979342692,-0.263907125583679,-0.263907125583679,0.656012979342692,4.58094989913972e-11,0,0
599,5053146.77026279,4274601.57722435,-5.29318377372174,-5018.63067774868,5921.0329339026,-0.0169432484300625,0.656012979348737,-0.263907125568653,-0.263907125568653,0.656012979348737,4.58094989913972e-11,0,0
600,5048124.66205838,4280519.66608592,-5.31013876250849,-5025.58458260533,5915.14342785359,-0.0169667252661005,0.656012979354782,-0.263907125553627,-0.263907125553627,0.656012979354782,4.58094989913972e-11,0,0
