time_s,tau_control_x,tau_control_y,tau_control_z,tau_aero_x,tau_aero_y,tau_aero_z,tau_total_x,tau_total_y,tau_total_z
0,0.001,0.001,-0.001,-2.73600021743775e-24,5.85122976010462e-07,-3.90081974319184e-07,0.001,0.00100058512297601,-0.00100039008197432
1,0.000964731262916258,0.000964710647952704,-0.00096471744473841,3.85538506359616e-10,5.85299600803417e-07,-3.90071211345969e-07,0.000964731648454765,0.000965295947553507,-0.000965107515949755
2,0.00093053348911198,0.000930492920446865,-0.000930506150141378,7.0379571360884e-10,5.85692524175119e-07,-3.90227074520816e-07,0.000930534192907694,0.00093107861297104,-0.000930896377215898
3,0.000897374621175165,0.000897314729188518,-0.000897334047249002,9.56224414300592e-10,5.86291746412967e-07,-3.90542413104652e-07,0.00089737557739958,0.000897901020934931,-0.000897724589662107
4,0.000865223346964212,0.000865144732560864,-0.000865169812766994,1.14383100330726e-09,5.87086933505084e-07,-3.91010002291448e-07,0.000865224490795215,0.000865731819494369,-0.000865560822769285
5,0.00083404909039107,0.00083395232629423,-0.000833982859825897,1.26722034334236e-09,5.88067460546726e-07,-3.91622557190652e-07,0.000834050357611413,0.000834540393754777,-0.000834374482383088
6,0.000803821985832908,0.000803707617793873,-0.000803743312377768,1.32663515739182e-09,5.89222463383563e-07,-3.92372754125229e-07,0.000803823312468066,0.000804296840257257,-0.000804135685131893
7,0.000774512887891373,0.000774381435891518,-0.000774422014951458,1.32198892170174e-09,5.9054088530046e-07,-3.93253250793189e-07,0.000774514209880294,0.000774971976776819,-0.000774815268202252
8,0.000746093444536629,0.000745945404059605,-0.000745990605803734,1.25289267675303e-09,5.92011531821281e-07,-3.94256713863798e-07,0.000746094697429306,0.000746537415591427,-0.000746384862517597
9,0.000718536050339106,0.000718371893513176,-0.000718421470128762,1.11868793353503e-09,5.93623093301133e-07,-3.95375823070312e-07,0.00071853716902704,0.000718965516606477,-0.000718816845951832
10,0.000691813807514139,0.000691633984144037,-0.000691687701080917,9.18476971751532e-10,5.9536416643617e-07,-3.96603275450447e-07,0.00069181472599111,0.000692229348310473,-0.000692084304356368
11,0.000665900525439748,0.000665705464036521,-0.000665763099292065,6.51145776806819e-10,5.97223288801024e-07,-3.9793180072567e-07,0.000665901176585525,0.000666302687325322,-0.000666161031092791
12,0.000640770743788394,0.000640560852600183,-0.000640622195999948,3.15385974419307e-10,5.99188968833572e-07,-3.99354173979507e-07,0.000640771059174368,0.000641160041569017,-0.000641021550173928
13,0.000616399793889615,0.000616175462013751,-0.000616240314427938,-9.02894449147075e-11,6.01249719612036e-07,-4.00863232934116e-07,0.00061639970360017,0.000616776711733363,-0.000616641177660872
14,0.000592763700510295,0.00059252529880197,-0.000592593471525585,-5.67516903082765e-10,6.03394061364745e-07,-4.02451869882524e-07,0.000592763132993392,0.000593128692863335,-0.000592995923395467
15,0.000569839159070028,0.000569587040997477,-0.000569658355172383,-1.11806130941802e-09,6.05610534029808e-07,-4.04113033086756e-07,0.000569838041008718,0.000570192651531507,-0.00057006246820547
16,0.000547603535641119,0.0005473380381408,-0.000547412324177772,-1.74379913450045e-09,6.0788772042819e-07,-4.05839736584488e-07,0.000547601791841984,0.000547945925861228,-0.000547818163914357
17,0.000526034870379333,0.000525756314701944,-0.000525833411708888,-2.44670130755942e-09,6.10214264016377e-07,-4.07625066323293e-07,0.000526032423678025,0.00052636652896596,-0.000526241036775211
18,0.000505111948763646,0.000504820641413982,-0.000504900396552145,-3.22882272166009e-09,6.12578896525547e-07,-4.09462195088481e-07,0.000505108719940924,0.000505433220310508,-0.000505309858747234
19,0.000484814220516938,0.0004845104540553,-0.000484592722006711,-4.09227988109978e-09,6.14970438107743e-07,-4.11344375149681e-07,0.000484810128237057,0.000485125424493407,-0.00048500406638186
20,0.000465121742589736,0.000464805796325376,-0.000464890438843763,-5.03922926277426e-09,6.17377795399691e-07,-4.13264929757173e-07,0.000465116703360474,0.000465423174120776,-0.000465303703773521
21,0.000446015179087309,0.000445687319771728,-0.000445774205233558,-6.07185283373418e-09,6.19789982842189e-07,-4.15217262527339e-07,0.000446009107234476,0.00044630710975457,-0.000446189422496085
22,0.000427475800390602,0.000427136282909315,-0.00042722528586603,-7.19234397312205e-09,6.2219613273818e-07,-4.17194859455348e-07,0.000427468608046629,0.000427758479042053,-0.000427642480725485
23,0.000409485490914433,0.000409134558983981,-0.000409225559712405,-8.40289364190521e-09,6.24585508506293e-07,-4.19191293140769e-07,0.000409477088020791,0.000409759144492487,-0.000409644751005545
24,0.000392026807705613,0.000391664694657944,-0.000391757578647593,-9.70568345315938e-09,6.26947524861272e-07,-4.2120023393128e-07,0.00039201710202216,0.000392291642182805,-0.000392178778881525
25,0.000375082864069192,0.000374709793452149,-0.00037480445103486,-1.11028604012738e-08,6.29271738879444e-07,-4.23215435542718e-07,0.000375071761208791,0.000375339065191028,-0.000375227666470403
26,0.000358637300101725,0.000358253486231885,-0.000358349812248264,-1.25965200511838e-08,6.31547857521939e-07,-4.25230734470968e-07,0.000358624703581674,0.000358885034089406,-0.000358775042982735
27,0.000342674282691269,0.000342279931206788,-0.000342377824672655,-1.41886933395772e-08,6.33765744872577e-07,-4.27240050417622e-07,0.000342660093997929,0.000342913696951661,-0.000342805064723072
28,0.000327178505426742,0.000326773813840084,-0.000326873177613018,-1.58813339673386e-08,6.35915438830283e-07,-4.29237393215742e-07,0.000327162624092775,0.000327409729278914,-0.000327302415006234
29,0.000312135180809431,0.000311720339055887,-0.000311821079510387,-1.76763054797471e-08,6.37987156425398e-07,-4.31216862067461e-07,0.000312117504503951,0.000312358326212312,-0.000312252296372455
30,0.000297530104053719,0.000297105295136028,-0.000297207321770728,-1.957537716083e-08,6.39971311266542e-07,-4.33172655806679e-07,0.000297510528676558,0.000297745266447295,-0.000297640494426535
31,0.000283349558655388,0.000282914959148013,-0.000283018184299798,-2.15802015629019e-08,6.4185851037438e-07,-4.35099063298085e-07,0.000283327978453825,0.000283556817658387,-0.000283453283363096
32,0.000269580267440043,0.000269136047925322,-0.000269240386537607,-2.36922967933524e-08,6.43639558769242e-07,-4.3699046059117e-07,0.00026955657514325,0.000269779687484091,-0.000269677376998198
33,0.000256209392563117,0.00025575571806741,-0.000255861087458417,-2.59130345136511e-08,6.45305469825722e-07,-4.38841313822957e-07,0.000256183479528604,0.000256401023537236,-0.00025629992877224
34,0.000243224535509866,0.00024276156593971,-0.000242867885570747,-2.8243628412555e-08,6.46847476448677e-07,-4.40646182826403e-07,0.000243196291881454,0.000243408413416158,-0.000243308531753573
35,0.000230613731962607,0.000230141622536432,-0.000230248813785222,-3.06851225843456e-08,6.48257036571833e-07,-4.42399720922221e-07,0.000230583046840022,0.000230789879573004,-0.000230691213506144
36,0.0002183654609141,0.000217884362629937,-0.000217992348550677,-3.32383852488716e-08,6.49525851284776e-07,-4.44096684910214e-07,0.000218332222528851,0.000218533888481222,-0.000218436445235587
37,0.000206468673945609,0.000205978734080071,-0.000206087439134922,-3.59041015934386e-08,6.50645870307227e-07,-4.45731936332758e-07,0.000206432769844015,0.000206629379950378,-0.000206533171071255
38,0.00019491268691782,0.000194414049380055,-0.000194523399286175,-3.86827508124146e-08,6.51609295691127e-07,-4.47300436289397e-07,0.000194874004167008,0.000195065658675746,-0.000194970699722465
39,0.000183687168393973,0.000183179974065756,-0.000183289895654362,-4.1574594897594e-08,6.52408592627604e-07,-4.48797248904934e-07,0.000183645593799075,0.000183832382658384,-0.000183738692903267
40,0.000172782139639856,0.000172266526715682,-0.000172376947791117,-4.45796692038493e-08,6.530365010256e-07,-4.50217545903743e-07,0.000172737559970652,0.000172919563216708,-0.000172827165337021
41,0.00016218797462381,0.000161664078950985,-0.000161774928149784,-4.76977737326078e-08,6.53486048213213e-07,-4.51556612171815e-07,0.000162140276850077,0.000162317564999198,-0.000162226484761955
42,0.000151895394297527,0.000151363349711563,-0.000151474556367326,-5.09284645282418e-08,6.53750556264338e-07,-4.52809847773318e-07,0.000151844465832998,0.000152017100267828,-0.000151927366215099
43,0.000141895468251698,0.000141355406941998,-0.000141466900944427,-5.4271052354861e-08,6.53823660673072e-07,-4.53972779959132e-07,0.000141841197199343,0.000142009230602671,-0.000141920873724386
44,0.000132179648824744,0.000131631701735629,-0.00013174341335317,-5.77245987855942e-08,6.53699316463491e-07,-4.55041065936458e-07,0.000132121924225958,0.000132285401052093,-0.000132198454419106
45,0.000122739672063369,0.000122183969162493,-0.000122295828972332,-6.12878976228106e-08,6.53371809278743e-07,-4.56010494068289e-07,0.000122678384165746,0.000122837340971772,-0.000122751839466401
46,0.000113567546589718,0.000113004217123502,-0.000113116155953391,-6.49594683605857e-08,6.52835768436123e-07,-4.56876990397614e-07,0.000113502587121357,0.000113657052891938,-0.000113573032943789
47,0.000104655553601371,0.000104084726350443,-0.000104196675220522,-6.87375516463687e-08,6.52086180131173e-07,-4.57636625937377e-07,0.000104586816049724,0.000104736812530574,-0.000104654311846459
48,9.59962468713444e-05,9.54180504059765e-05,-9.55299404706011e-05,-7.26201057365853e-08,6.51118400542774e-07,-4.58285624225731e-07,9.59236267656078e-05,9.60691688065193e-05,-9.59882260948269e-05
49,8.75824526613364e-05,8.69970155967728e-05,-8.71087780864363e-05,-7.66048041196566e-08,6.49928169853012e-07,-4.588203698803e-07,8.75058478572167e-05,8.76469437666258e-05,-8.75675984563166e-05
50,7.94072498077682e-05,7.88147010429478e-05,-7.89262672277828e-05,-8.06890355368693e-08,6.48511620091913e-07,-4.59237413834947e-07,7.93265607722313e-05,7.94632126630397e-05,-7.93855046416177e-05
51,7.14640198660012e-05,7.08644889082485e-05,-7.09757899998012e-05,-8.48699147524832e-08,6.46865290572126e-07,-4.59533487219607e-07,7.13791499512488e-05,7.15113541988207e-05,-7.14353234870208e-05
52,6.37463903414452e-05,6.31400075360492e-05,-6.32509746543217e-05,-8.91442718198441e-08,6.44986136699045e-07,-4.59705503655735e-07,6.36572460696254e-05,6.37849936727482e-05,-6.37106801579774e-05
53,5.62481912537143e-05,5.56350879517649e-05,-5.57456521423601e-05,-9.3508649570799e-08,6.42871544198478e-07,-4.59750567904556e-07,5.61546826041435e-05,5.62779594959633e-05,-5.62054027102647e-05
54,4.8963455136626e-05,4.83437638628496e-05,-4.84538561141161e-05,-9.79593068584997e-08,6.40519340853553e-07,-4.59665984772607e-07,4.88654958297675e-05,4.89842832037031e-05,-4.89135220988887e-05
55,4.18864170382029e-05,4.12602716587985e-05,-4.1369822918975e-05,-1.02492223127662e-07,6.37927807482603e-07,-4.59449267953743e-07,4.17839248150752e-05,4.18981994662811e-05,-4.18292721869288e-05
56,3.50115145206703e-05,3.43790504111465e-05,-3.44879916055064e-05,-1.07103104518176e-07,6.35095689123538e-07,-4.59098149519925e-07,3.49044114161521e-05,3.501414610027e-05,-3.49470897550263e-05
57,2.83333869987597e-05,2.76947412105029e-05,-2.78030032592854e-05,-1.11787390411898e-07,6.32022199840953e-07,-4.58610585308217e-07,2.82215996083478e-05,2.83267634103439e-05,-2.82616138445936e-05
58,2.18468553773161e-05,2.12021667668935e-05,-2.13096806251131e-05,-1.16540266760722e-07,6.28707035125181e-07,-4.5798476762952e-07,2.17303151105554e-05,2.18308738020187e-05,-2.17676653927426e-05
59,1.55469723818614e-05,1.48963818429635e-05,-1.5003078473262e-05,-1.2135668445442e-07,6.25150368102993e-07,-4.57219128864975e-07,1.5425615697407e-05,1.55215322110665e-05,-1.5460297602127e-05
60,9.42896443781836e-06,8.77261502206419e-06,-8.8784254382966e-06,-1.26231358878293e-07,6.21352861530225e-07,-4.56312349313608e-07,9.30273307894007e-06,9.39396788359442e-06,-9.33473778761021e-06
61,3.48820233217516e-06,2.82623931330793e-06,-2.9310946597777e-06,-1.31158779682942e-07,6.17315673742668e-07,-4.55263364416172e-07,3.35704355249222e-06,3.4435549870506e-06,-3.38635802419387e-06
62,-2.27979878651414e-06,-2.94722784843088e-06,2.84339621773786e-06,-1.36133224916689e-07,6.13040461477811e-07,-4.54071371347119e-07,-2.41593201143083e-06,-2.33418738695306e-06,2.38932484639074e-06
63,-7.87937940813037e-06,-8.55212460251645e-06,8.44938504469654e-06,-1.41148776452424e-07,6.08529380971754e-07,-4.52735834888161e-07,-8.02052818458279e-06,-7.9435952215447e-06,7.99664920980838e-06
64,-1.33147356609896e-05,-1.39926446625513e-05,1.38910651665479e-05,-1.46199336902513e-07,6.03785088283973e-07,-4.51256493283077e-07,-1.34609349978922e-05,-1.33888595742673e-05,1.34398086732648e-05
65,-1.8589919311842e-05,-1.9272837316376e-05,1.91724854237459e-05,-1.51278646447739e-07,5.98810732552502e-07,-4.49633359350815e-07,-1.87411979582897e-05,-1.86740265838235e-05,1.87228520643951e-05
66,-2.37088489272941e-05,-2.43966186234642e-05,2.42975613411569e-05,-1.5638030411322e-07,5.93609956913877e-07,-4.47866728190768e-07,-2.38652292314073e-05,-2.38030086665503e-05,2.38496946129661e-05
67,-2.86752968044943e-05,-2.93677583268722e-05,2.92700620709339e-05,-1.61497796657919e-07,5.88186878544624e-07,-4.45957173506923e-07,-2.88367946011522e-05,-2.87795714483276e-05,2.88241048974269e-05
68,-3.34928812511251e-05,-3.41898720878141e-05,3.40936026289777e-05,-1.66624514184216e-07,5.82546084277546e-07,-4.43905549888589e-07,-3.36595057653093e-05,-3.36073260035365e-05,3.36496970790891e-05
69,-3.81651204979131e-05,-3.88664755412933e-05,3.87716978922464e-05,-1.71753764370201e-07,5.76692626199458e-07,-4.41712994619645e-07,-3.83368742622833e-05,-3.82897829150939e-05,3.83299848976268e-05
70,-4.26954341528462e-05,-4.34009857544935e-05,4.3307764055735e-05,-1.76878794782343e-07,5.70632009215822e-07,-4.39380926825852e-07,-4.28723129476285e-05,-4.28303537452777e-05,4.28683831289092e-05
71,-4.70871432011737e-05,-4.77967212267778e-05,4.77051186324746e-05,-1.81992816135764e-07,5.64370177425505e-07,-4.36911046144788e-07,-4.72691360173095e-05,-4.72323510493522e-05,4.72682075863298e-05
72,-5.13434700054067e-05,-5.2056901889689e-05,5.19669804535333e-05,-1.87089024373952e-07,5.57913493562287e-07,-4.34305326380086e-07,-5.15305590297806e-05,-5.14989883961267e-05,5.15326751271532e-05
73,-5.5467538305318e-05,-5.61846491069496e-05,5.60964696680161e-05,-1.92160626116426e-07,5.5126872625725e-07,-4.3156601549225e-07,-5.56596989314344e-05,-5.56333803806924e-05,5.56649036525239e-05
74,-5.94623732179413e-05,-6.01829856744627e-05,6.00966077430642e-05,-1.97200861085744e-07,5.44443025588042e-07,-4.28695626773839e-07,-5.9659574079027e-05,-5.96385426488747e-05,5.96679121162904e-05
75,-6.33309128479042e-05,-6.40548474824687e-05,6.39703291366844e-05,-2.02203026994209e-07,5.37443900553585e-07,-4.25696932128162e-07,-6.35331158748984e-05,-6.35174035819151e-05,6.35446322045562e-05
76,-6.70759894912598e-05,-6.780306468207e-05,6.77204625105631e-05,-2.07160512095093e-07,5.3027918332432e-07,-4.22572949086531e-07,-6.72831500033548e-05,-6.72727854987457e-05,6.72978895614766e-05
77,-7.07003316948575e-05,-7.14303637110939e-05,7.13497327231719e-05,-2.12066811492618e-07,5.22957010306723e-07,-4.19326933621257e-07,-7.09123985063501e-05,-7.09074067007872e-05,7.09304057895507e-05
78,-7.42066029419402e-05,-7.49394061065401e-05,7.48607996258993e-05,-2.16915544214953e-07,5.15485803056234e-07,-4.15962373111937e-07,-7.44235184861552e-05,-7.44239203034839e-05,7.44448372527874e-05
79,-7.75974020121603e-05,-7.83327888659301e-05,7.82562584244054e-05,-2.2170047370735e-07,5.07874236570672e-07,-4.12482972038773e-07,-7.78191024858677e-05,-7.78249146293595e-05,7.78437754523667e-05
80,-8.0875262981581e-05,-8.16130444473088e-05,8.15386396786223e-05,-2.2641553130386e-07,5.00131215497112e-07,-4.08892643944403e-07,-8.11016785128848e-05,-8.11129132318117e-05,8.11297470346779e-05
81,-8.40426552226757e-05,-8.47826407692432e-05,8.47104093027541e-05,-2.31054834980973e-07,4.92265840353944e-07,-4.05195495166481e-07,-8.42737100576567e-05,-8.42903749288892e-05,8.43052138075876e-05
82,-8.71019834043281e-05,-8.78439812108233e-05,8.77739685652774e-05,-2.35612708886885e-07,4.84287377598906e-07,-4.01395811392793e-07,-8.7337596113215e-05,-8.73596938332244e-05,8.73725727538846e-05
83,-9.00555874918322e-05,-9.07994046116616e-05,9.07316540889402e-05,-2.40083701281225e-07,4.76205228282059e-07,-3.97498042743144e-07,-9.02956711931134e-05,-9.03231993833795e-05,9.0334156046197e-05
84,-9.29057450854148e-05,-9.365118761823e-05,9.35857402046511e-05,-2.4446260104858e-07,4.68028896586863e-07,-3.93506788301255e-07,-9.31502076864634e-05,-9.31831587216432e-05,9.31922334163499e-05
85,-9.56546779162444e-05,-9.64015512138945e-05,9.63384455709653e-05,-2.48744456788563e-07,4.59767951617163e-07,-3.89426777002778e-07,-9.5903422373033e-05,-9.59417832622773e-05,9.59490187939625e-05
86,-9.83045222812566e-05,-9.90526310544498e-05,9.89919034593815e-05,-2.52924594740481e-07,4.51431989099452e-07,-3.85262848078356e-07,-9.8557446875997e-05,-9.86011990653503e-05,9.86066406113032e-05
87,-0.000100857366271351,-0.000101606514789616,0.000101548199071222,-2.56998619722694e-07,4.43030611565012e-07,-3.81019938154841e-07,-0.000101114364891074,-0.000101163484178051,0.000101167179133067
88,-0.000103315256657718,-0.000104065248969639,0.00010400937645406,-2.60962427585705e-07,4.34573404132876e-07,-3.7670306926163e-07,-0.000103576219085303,-0.000103630675565506,0.000103632673384799
89,-0.000105680198891837,-0.000106430839045286,0.000106377438501722,-2.64812212667812e-07,4.26069901194735e-07,-3.72317329105827e-07,-0.000105945011104505,-0.000106004769144091,0.000106005121172616
90,-0.00010795415710548,-0.000108705249367849,0.000108654346954283,-2.68544475790293e-07,4.17529557988703e-07,-3.67867854786469e-07,-0.00010822270158127,-0.00010828771980986,0.000108286479099497
91,-0.000110139054110708,-0.000110890403189142,0.000110842022398072,-2.72156030132855e-07,4.08961722395169e-07,-3.63359815950259e-07,-0.00011041121014084,-0.000110481441466747,0.000110478662582122
92,-0.000112236771399873,-0.000112988182661504,0.000112942344265669,-2.75644005432709e-07,4.00375607920238e-07,-3.58798398180207e-07,-0.000112512415405305,-0.000112587807053584,0.000112583545867489
93,-0.000114249149145617,-0.000115000428837798,0.000114957150835903,-2.79005851030448e-07,3.91780268714195e-07,-3.54188787356572e-07,-0.000114528154996648,-0.000114608648569084,0.000114602962048547
94,-0.000116177987637549,-0.000116928943105301,0.000116888240678937,-2.82239334631113e-07,3.83184572957192e-07,-3.49536151501008e-07,-0.00011646022697218,-0.000116545758532344,0.000116538704527436
95,-0.000118025049780876,-0.000118775489632426,0.000118737375234671,-2.85342546558712e-07,3.74597180024525e-07,-3.44845626971587e-07,-0.000118310392327435,-0.000118400892452402,0.000118392529607699
96,-0.000119792039395697,-0.000120541773671263,0.000120506257023709,-2.88313899551366e-07,3.66026506442742e-07,-3.40122295698588e-07,-0.000120080353295248,-0.00012017574716482,0.00012016613472801
97,-0.000121480628599094,-0.00012222946896888,0.000122196557060597,-2.91152118072938e-07,3.57480723827262e-07,-3.35371180246788e-07,-0.000121771780717167,-0.000121871988245053,0.00012186118588035
98,-0.000123092462911181,-0.000123840222872266,0.000123809919976646,-2.93856232740959e-07,3.48967743660359e-07,-3.30597231810088e-07,-0.000123386319143922,-0.000123491255128606,0.000123479322744836
99,-0.000124629161255097,-0.000125375656328324,0.000125347964019933,-2.96425574569061e-07,3.40495201485318e-07,-3.25805317755103e-07,-0.000124925586829666,-0.000125035161126839,0.000125022158702178
100,-0.000126092315957011,-0.000126837363883877,0.000126812281055303,-2.98859768024418e-07,3.32070442920608e-07,-3.21000209983085e-07,-0.000126391175725036,-0.000126505293440956,0.00012649128084532
101,-0.000127483492746121,-0.000128226913685662,0.000128204436564365,-3.01158723542979e-07,3.23700512091648e-07,-3.16186574722846e-07,-0.000127784651469664,-0.000127903213173571,0.000127888249989642
102,-0.000128804230754651,-0.000129545847480337,0.000129525969645495,-3.03322626341485e-07,3.15392138975275e-07,-3.11368960364413e-07,-0.000129107553380992,-0.000129230455341362,0.00012921460068513
103,-0.000130056042517853,-0.000130795680614474,0.000130778393013834,-3.0535192977454e-07,3.07151734431655e-07,-3.06551791932654e-07,-0.000130361394447628,-0.000130488528880043,0.000130471841221901
104,-0.000131240413974011,-0.000131977902034565,0.000131963193001289,-3.07247342502495e-07,2.98985381122989e-07,-3.01739360755713e-07,-0.000131547661316513,-0.000131678916653442,0.000131661453640534
105,-0.000132358806575969,-0.000133093976327897,0.000133081831657003,-3.09009817243483e-07,2.90898830733094e-07,-2.96935818862077e-07,-0.000132667816393212,-0.000132803077497164,0.000132784895838141
106,-0.000133412644515852,-0.00013414533086327,0.000134135733969912,-3.10640541980202e-07,2.82897489370493e-07,-2.92145166318225e-07,-0.000133723285057832,-0.0001338624333739,0.000133843588803594
107,-0.000134403319271474,-0.000135133360468878,0.000135126292421342,-3.12140926008369e-07,2.74986419587442e-07,-2.87371247924142e-07,-0.000134715460197482,-0.00013485837404929,0.000134838921173418
108,-0.000135332203911764,-0.000136059441679781,0.000136054881268538,-3.13512584641646e-07,2.67170352358981e-07,-2.82617756100981e-07,-0.000135645716496405,-0.000135792271327422,0.000135772263512437
109,-0.000136200653210301,-0.000136924932850319,0.000136922856657945,-3.14757324453311e-07,2.59453686192029e-07,-2.77888225377694e-07,-0.000136515410534755,-0.000136665479164127,0.000136644968432567
110,-0.000137010003645317,-0.00013773117415411,0.000137731556625211,-3.15877134066455e-07,2.51840492364488e-07,-2.73186032813829e-07,-0.000137325880779383,-0.000137479333661746,0.000137458370592397
111,-0.000137761573399689,-0.00013847948758405,0.000138482301095183,-3.16874169156214e-07,2.44334516496236e-07,-2.68514394047601e-07,-0.000138078447568845,-0.000138235153067554,0.000138213786701135
112,-0.000138456662360947,-0.000139171176952313,0.000139176391881909,-3.1775074028643e-07,2.36939183750575e-07,-2.63876362709086e-07,-0.000138774413101234,-0.000138934237768563,0.0001389125155192
113,-0.00013909655212127,-0.000139807527890352,0.00013981511268864,-3.1850930024872e-07,2.29657604606321e-07,-2.59274830047961e-07,-0.000139415061421518,-0.000139577870285746,0.000139555837858592
114,-0.000139682505977484,-0.000140389807848897,0.000140399729107824,-3.19152431542155e-07,2.22492581601192e-07,-2.54712525255659e-07,-0.000140001658409027,-0.000140167315267296,0.000140145016582569
115,-0.00014021576893107,-0.000140919266097956,0.000140931488621115,-3.19682834650387e-07,2.15446617346311e-07,-2.50192016900751e-07,-0.00014053545176572,-0.00014070381948061,0.000140681296604214
116,-0.000140697567196459,-0.000141397133132928,0.000141411620045423,-3.20103313372294e-07,2.08521923583066e-07,-2.4571571407706e-07,-0.000141017670509831,-0.000141188611209345,0.000141165904331346
117,-0.000141129095986292,-0.000141824608370795,0.00014184132128923,-3.20416767855445e-07,2.01720422616744e-07,-2.41285865037245e-07,-0.000141449512754148,-0.000141622887948178,0.000141600035424193
118,-0.000141511527869545,-0.00014220286867966,0.000142221767791838,-3.20626180022435e-07,1.95043758949939e-07,-2.36904560090516e-07,-0.000141832154049567,-0.00014200782492071,0.000141984863231748
119,-0.00014184602122195,-0.000142533076759962,0.000142554120909868,-3.20734602145707e-07,1.88493319858334e-07,-2.32573741511427e-07,-0.000142166755824096,-0.000142344583440103,0.000142321547168356
120,-0.000142133720249041,-0.000142816381166867,0.000142839527939837,-3.20745146816068e-07,1.82070245585288e-07,-2.28295206992442e-07,-0.000142454465395857,-0.000142634310921281,0.000142611232732844
121,-0.000142375754986151,-0.000143053916310276,0.000143079122118168,-3.20660977368601e-07,1.7577543982276e-07,-2.24070613439853e-07,-0.00014269641596352,-0.000142878140870453,0.000142855051504728
122,-0.000142573241298413,-0.000143246802454822,0.000143274022621185,-3.20485298785703e-07,1.69609580447058e-07,-2.19901481098627e-07,-0.000142893726597198,-0.000143077192874375,0.000143054121140086
123,-0.000142727280880757,-0.00014339614571987,0.000143425334565112,-3.20221349693229e-07,1.63573130743085e-07,-2.15789198367284e-07,-0.000143047502230451,-0.000143232572589127,0.000143209545366745
124,-0.000142838961257917,-0.000143503038079516,0.000143534149006077,-3.19872391900697e-07,1.57666349235206e-07,-2.11735024865207e-07,-0.000143158833649817,-0.00014334537173028,0.000143322413981212
125,-0.000142909355784422,-0.000143568557362588,0.000143601542940107,-3.19441706409414e-07,1.51889302635661e-07,-2.07740098734297e-07,-0.000143228797490831,-0.000143416668059953,0.000143393802841373
126,-0.000142939523644603,-0.000143593767252649,0.000143628579303134,-3.18932584018327e-07,1.46241875727003e-07,-2.03805440095882e-07,-0.000143258456228622,-0.000143447525376922,0.000143424773863038
127,-0.000142930509174518,-0.00014357971657112,0.000143616306257436,-3.18348319495411e-07,1.40723784049607e-07,-1.99931957566178e-07,-0.000143248857494013,-0.000143438992787071,0.00014341637429987
128,-0.000142883331572159,-0.000143527428825644,0.000143565746778622,-3.17692205559197e-07,1.35334581803445e-07,-1.96120451517991e-07,-0.000143201023777718,-0.000143392094243841,0.000143369626327104
129,-0.00014279898830023,-0.000143437905779134,0.000143477902202753,-3.16967527003939e-07,1.30073667801282e-07,-1.92371616091234e-07,-0.000143115955827234,-0.000143307832111333,0.000143285530586662
130,-0.000142678464257611,-0.000143312136605305,0.000143353761347648,-3.16177556904311e-07,1.2494030745552e-07,-1.88686052585715e-07,-0.000142994641814516,-0.000143187196297849,0.000143165075295062
131,-0.000142522732019829,-0.000143151098122141,0.000143194300745643,-3.15325550300994e-07,1.19933642535754e-07,-1.8506427386138e-07,-0.00014283805757013,-0.000143031164479605,0.000143009236471781
132,-0.000142332751839053,-0.000142955754791897,0.000143000484643589,-3.1441474426745e-07,1.15052702397997e-07,-1.81506711846713e-07,-0.00014264716658332,-0.000142840702089499,0.000142818977931742
133,-0.0001421094716441,-0.000142727058721099,0.000142773265002855,-3.13448352557981e-07,1.10296412599276e-07,-1.78013721497826e-07,-0.000142422919996658,-0.0001426167623085,0.000142595251281357
134,-0.000141853827040432,-0.000142465949660542,0.000142513581499324,-3.12429563683386e-07,1.05663604439604e-07,-1.74585586518318e-07,-0.000142166256604115,-0.000142360286056103,0.000142338995912805
135,-0.000141566741310156,-0.000142173355005293,0.000142222361523397,-3.11361538863451e-07,1.01153023984185e-07,-1.71222524691583e-07,-0.00014187810284902,-0.000142072201981309,0.000142051138998705
136,-0.000141249125412025,-0.000141850189794686,0.000141900520179989,-3.10247410432098e-07,9.67633407931518e-08,-1.67924693169012e-07,-0.000141559372822457,-0.000141753426453893,0.00014173259548682
137,-0.000140901877981436,-0.000141497356712328,0.000141548960288534,-3.0909028068371e-07,9.24931563499068e-08,-1.64692193704333e-07,-0.00014121096826212,-0.000141404863555978,0.00014138426809483
138,-0.000140525885294462,-0.000141115746048704,0.000141168572345043,-3.0789322175304e-07,8.8341012464835e-08,-1.61525078216051e-07,-0.000140833778516215,-0.000141027405036239,0.000141007047266826
139,-0.000140122015444007,-0.000140706229789411,0.000140760228599779,-3.06659273377731e-07,8.4305400071496e-08,-1.58423353905754e-07,-0.000140428674717385,-0.00014062192438934,0.000140601805245873
140,-0.000139691112353199,-0.000140269655615759,0.000140324777084941,-3.05391444726023e-07,8.03847601831631e-08,-1.55386984505039e-07,-0.000139996503797925,-0.000140189270855576,0.000140169390100436
141,-0.000139234006962449,-0.000139806858183005,0.000139863052864263,-3.04092713860953e-07,7.65774970748558e-08,-1.52415898884932e-07,-0.00013953809967631,-0.00013973028068593,0.000139710636965378
142,-0.00013875151879739,-0.000139318660684603,0.000139375879584486,-3.02766029980709e-07,7.28819879238451e-08,-1.49509998229679e-07,-0.000139054284827371,-0.000139245778696679,0.000139226369586256
143,-0.000138244455968878,-0.00013880587485221,0.000138864069475363,-3.01414314803687e-07,6.92965889804688e-08,-1.46669160612307e-07,-0.000138545870283681,-0.000138736578263229,0.000138717400314751
144,-0.00013771361517299,-0.000138269300955681,0.000138328423349655,-3.00040464258442e-07,6.58196414387878e-08,-1.43893245471712e-07,-0.000138013655637248,-0.000138203481314243,0.000138184530104183
145,-0.000137159781691028,-0.000137709727803074,0.000137769730603131,-2.98647351032213e-07,6.24494771317169e-08,-1.4118209825892e-07,-0.00013745842904206,-0.000137647278325942,0.000137628548504872
146,-0.000136583729389513,-0.000137127932740643,0.00013718876921457,-2.9723782455773e-07,5.91844233461115e-08,-1.3853555364275e-07,-0.000136880967214071,-0.000137068748317297,0.000137050233660927
147,-0.000135986220720192,-0.000136524681652846,0.000136586305745761,-2.95814716924105e-07,5.60228085570985e-08,-1.35953441302994e-07,-0.000136282035437116,-0.000136468658844289,0.000136450352304458
148,-0.000135368006720032,-0.000135900728962339,0.0001359630953415,-2.9438084334472e-07,5.2962966679681e-08,-1.33435588920785e-07,-0.000135662387563377,-0.000135847765995659,0.00013582965975258
149,-0.000134729827011223,-0.000135256817629977,0.000135319881729594,-2.9293900567543e-07,5.00032416686792e-08,-1.30981826417961e-07,-0.000135022766016899,-0.000135206814388309,0.000135188899903176
150,-0.000134072408805641,-0.000134593678155685,0.000134657396215588,-2.91491995805223e-07,4.714199235427e-08,-1.28591990310971e-07,-0.000134363900801446,-0.000134546536163331,0.000134528804225277
151,-0.000133396457423725,-0.000133912019034457,0.000133976348124958,-2.90042598449524e-07,4.43775951624468e-08,-1.26265926455624e-07,-0.000133686500022174,-0.000133867641439295,0.000133850082198502
152,-0.0001327026610097,-0.00013321253149424,0.000133277429561895,-2.88593593538781e-07,4.17084456943462e-08,-1.24003491896164e-07,-0.000132991254603239,-0.000133170823048546,0.000133153426069999
153,-0.000131991696949069,-0.000132495895975147,0.000132561321868394,-2.87147762384591e-07,3.91329672762191e-08,-1.21804562620627e-07,-0.000132278844711453,-0.00013245676300787,0.000132439517305773
154,-0.000131264231950972,-0.000131762782213546,0.000131828695706628,-2.85707889226907e-07,3.66496139343243e-08,-1.19669036059839e-07,-0.000131549939840199,-0.000131726132599612,0.000131709026670568
155,-0.000130520922048192,-0.000131013849242065,0.000131080211058952,-2.84276768132181e-07,3.4256873622277e-08,-1.17596835538363e-07,-0.000130805198816324,-0.000130979592368443,0.000130962614223414
156,-0.000129762412597148,-0.00013024974538959,0.000130316517227904,-2.82857204316162e-07,3.19532704722699e-08,-1.15587912216244e-07,-0.000130045269801464,-0.000130217792119118,0.000130200929315687
157,-0.000128989338277899,-0.000129471108281261,0.0001295382528362,-2.81452018085774e-07,2.97373672355633e-08,-1.13642248029965e-07,-0.000129270790295984,-0.000129441370914025,0.00012942461058817
158,-0.000128202323094144,-0.000128678564838479,0.000128746045826739,-2.8006404802444e-07,2.76077674471002e-08,-1.11759858197294e-07,-0.000128482387142168,-0.000128650957071031,0.000128634285968542
159,-0.000127401980373222,-0.000127872731278899,0.000127940513462601,-2.78696153905616e-07,2.55631173976973e-08,-1.09940793503261e-07,-0.000127680676527128,-0.000127847168161502,0.000127830572669098
160,-0.000126588912766111,-0.000127054213116438,0.000127122262327046,-2.7735121978086e-07,2.36021079607784e-08,-1.08185142547332e-07,-0.000126866263985892,-0.000127030611008477,0.000127014077184498
161,-0.000125763712246654,-0.000126223605160544,0.000126291888322763,-2.7603215395151e-07,2.17234760044228e-08,-1.06493032675336e-07,-0.000126039744400605,-0.00012620188168454,0.000126185395290088
162,-0.000124926956864044,-0.000125381488275423,0.00012544997341707,-2.74741894101651e-07,1.99260067068072e-08,-1.04864633234081e-07,-0.000125201698758145,-0.000125361562268716,0.000125345108783835
163,-0.000124079203726746,-0.000124528422320503,0.000124597078582982,-2.73483404615239e-07,1.82085321697495e-08,-1.03300153752759e-07,-0.000124352687131361,-0.000124510213788334,0.000124493778429229
164,-0.00012322099795699,-0.000123664955145987,0.000123733752802701,-2.72259678211058e-07,1.6569934244664e-08,-1.01799846371902e-07,-0.000123493257635201,-0.000123648385211742,0.000123631952956329
165,-0.000122352874906034,-0.000122791624836022,0.000122860535303335,-2.71073736013716e-07,1.50091467355648e-08,-1.00364007335715e-07,-0.000122623948642048,-0.000122776615689287,0.000122760171296
166,-0.000121475360154171,-0.000121908959708704,0.000121977955556906,-2.69928625598456e-07,1.35251557788846e-08,-9.89929765935579e-08,-0.00012174528877977,-0.000121895434552925,0.000121878962580312
167,-0.000120588969510727,-0.000121017478316072,0.000121086533280342,-2.688274183111e-07,1.21170000272922e-08,-9.7687137029142e-08,-0.000120857796929038,-0.000121005361316044,0.000120988846143313
168,-0.000119694209014056,-0.000120117689444114,0.000120186778435484,-2.67773202589468e-07,1.07837704818512e-08,-9.64469121224385e-08,-0.000119961982216645,-0.000120106905673632,0.000120090331523361
169,-0.000118791574931548,-0.000119210092112765,0.000119279191229081,-2.66769080935815e-07,9.5246103187211e-09,-9.52727648249611e-08,-0.000119058344012484,-0.000119200567502446,0.000119183918464256
170,-0.000117881553759624,-0.000118295175575903,0.000118364262112792,-2.65818159972708e-07,8.33871419904266e-09,-9.41651937849802e-08,-0.000118147371919597,-0.000118286836861704,0.000118270096919007
171,-0.000116964622223738,-0.000117373419321357,0.000117442471783188,-2.64923541251829e-07,7.22532741535686e-09,-9.31247297147369e-08,-0.000117229545764989,-0.000117366193993942,0.000117349347053473
172,-0.000116041247278373,-0.000116445293070899,0.000116514291181748,-2.64088309555562e-07,6.18374469553193e-09,-9.21519306935908e-08,-0.000116305335587929,-0.000116439109326204,0.000116422139251054
173,-0.00011511188505511,-0.000115511256649068,0.000115580181678598,-2.63315519138555e-07,5.21330872425036e-09,-9.1247376596199e-08,-0.000115375200574248,-0.000115506043340344,0.000115488934302002
174,-0.00011417697204394,-0.000114571754568614,0.000114640590812526,-2.62608177726588e-07,4.3134081969061e-09,-9.04116624614024e-08,-0.000114439580221667,-0.000114567441160417,0.000114550179150065
175,-0.000113236938138654,-0.000113627214694277,0.000113695946021133,-2.6196922836112e-07,3.48347461747369e-09,-8.96453903056553e-08,-0.000113498907367015,-0.000113623731219659,0.000113606300630827
176,-0.000112292203920293,-0.000112678055715292,0.000112746665607616,-2.61401527756526e-07,2.72298084181463e-09,-8.89491609376424e-08,-0.000112553605448049,-0.00011267533273445,0.000112657716446678
177,-0.000111343178780078,-0.000111724687696339,0.000111793160123438,-2.60907826725756e-07,2.03143788446777e-09,-8.83235653046912e-08,-0.000111604086606804,-0.000111722656258455,0.000111704836558134
178,-0.000110390260919409,-0.000110767512077541,0.000110835832368331,-2.60490743266897e-07,1.40839086926189e-09,-8.77691728220363e-08,-0.000110650751662676,-0.000110766103686671,0.000110748063195509
179,-0.000109433837349862,-0.000109806921674463,0.00010987507739029,-2.60152736321499e-07,8.53414435365235e-10,-8.72865195629594e-08,-0.000109693990086184,-0.000109806068260027,0.000109787790870727
180,-0.000108474283893193,-0.000108843300678116,0.000108911282485578,-2.59896077415636e-07,3.66107512773392e-10,-8.68760953228028e-08,-0.000108734179970609,-0.000108842934570603,0.000108824406390255
181,-0.000107511965181334,-0.000107877024654955,0.000107944827198724,-2.59929295495492e-07,-5.39565992643857e-11,-8.66071252814109e-08,-0.000107771894476829,-0.000107877078611554,0.000107858220073442
182,-0.000106547234656396,-0.000106908460546878,0.000106976083322523,-2.61332073414253e-07,-4.09772858066188e-10,-8.68375070760745e-08,-0.00010680856672981,-0.000106908870319736,0.000106889245815447
183,-0.000105580434570669,-0.000105937966671227,0.000106005414898037,-2.62807353285592e-07,-7.02437995538815e-10,-8.71341569341716e-08,-0.000105843241923954,-0.000105938669109222,0.000105918280741103
184,-0.000104611895986619,-0.000104965892720787,0.000105033178214595,-2.64353728933432e-07,-9.31196380415664e-10,-8.74971098845191e-08,-0.000104876249715552,-0.000104966823917167,0.00010494568110471
185,-0.000103641947192807,-0.000103992579280358,0.000104059718381699,-2.6596937193394e-07,-1.09532119211528e-09,-8.79262409995646e-08,-0.000103907916564741,-0.000103993674601551,0.0001039717921407
186,-0.000102670926708755,-0.000103018351979101,0.000103085357130286,-2.67652024529575e-07,-1.19413345847084e-09,-8.84212503415789e-08,-0.000102938578733285,-0.000103019546112559,0.000102996935879945
187,-0.000101699148658971,-0.000102043524326671,0.000102110408014715,-2.69398997215304e-07,-1.22702187355727e-09,-8.89816489461799e-08,-0.000101968547656186,-0.000102044751348545,0.000102021426365769
188,-0.000100726918797457,-0.000101068402457706,0.000101135177520225,-2.71207170017175e-07,-1.19346326027555e-09,-8.96067456068005e-08,-0.000100998125967474,-0.000101069595920966,0.000101045570774618
189,-9.97545357534928e-05,-0.00010009328521739,0.000100159964767542,-2.73073002033604e-07,-1.09304354837551e-09,-9.02956360697679e-08,-0.000100027608755526,-0.000100094378260938,0.000100069669131472
190,-9.87822910316374e-05,-9.91184641614583e-05,9.91850615128792e-05,-2.74992548498445e-07,-9.25478542027402e-10,-9.10471948769485e-08,-9.90572835801358e-05,-9.91193896400003e-05,9.90940143180022e-05
191,-9.78104690117265e-05,-9.81442235561978e-05,9.82107521479374e-05,-2.76961482151709e-07,-6.90633948153435e-10,-9.18600691370979e-08,-9.80874304938782e-05,-9.8144914190146e-05,9.81188920788003e-05
192,-9.68393469488739e-05,-9.71708403784444e-05,9.7237313699904e-05,-2.78975126953077e-07,-3.88544161027372e-10,-9.27326772406334e-08,-9.71183220758269e-05,-9.71712289226054e-05,9.71445810226634e-05
193,-9.58691949734712e-05,-9.61985843155843e-05,9.62650158314532e-05,-2.81028492971486e-07,-1.94292168624766e-11,-9.3663209186436e-08,-9.61502234664427e-05,-9.61986037448011e-05,9.61713526222668e-05
194,-9.49002760911878e-05,-9.5227717765554e-05,9.52941208407464e-05,-2.83116320011931e-07,4.1629057448012e-10,-9.46496313696482e-08,-9.51833924111998e-05,-9.52273014749795e-05,9.51994712093768e-05
195,-9.39328461829709e-05,-9.42584958368406e-05,9.4324883661432e-05,-2.85233125968658e-07,9.17982819344343e-10,-9.56896948259697e-08,-9.42180793089396e-05,-9.42575778540213e-05,9.4229193966606e-05
196,-9.29671540050454e-05,-9.32911663484811e-05,9.33575518626454e-05,-2.87373259469136e-07,1.4847944694914e-09,-9.67809470657923e-08,-9.32545272645145e-05,-9.32896815540116e-05,9.32607709155796e-05
197,-9.20034404222505e-05,-9.23259689969514e-05,9.23923648477813e-05,-2.89530956018713e-07,2.11564675574548e-09,-9.79207474115135e-08,-9.22929713782692e-05,-9.23238533501956e-05,9.22944441003697e-05
198,-9.10419331810838e-05,-9.13631300423473e-05,9.14295484777785e-05,-2.91700395099021e-07,2.8092344834949e-09,-9.91062855606724e-08,-9.13336335761828e-05,-9.13603208078638e-05,9.13304421922178e-05
199,-9.00828514357933e-05,-9.04028669577892e-05,9.04693197232132e-05,-2.9387576098495e-07,3.56402861509137e-09,-1.00334603579874e-07,-9.03767271967782e-05,-9.03993029291741e-05,9.03689851196333e-05
200,-8.91264085362601e-05,-8.94453912067535e-05,8.95118895130844e-05,-2.96051296569961e-07,4.37828236453634e-09,-1.01602617909683e-07,-8.94224598328301e-05,-8.94410129243889e-05,8.94102868951747e-05
201,-8.81728120298014e-05,-8.84909082447845e-05,8.85574627366368e-05,-2.98221359435302e-07,5.25004137949724e-09,-1.02907144842372e-07,-8.84710333892367e-05,-8.8485658203405e-05,8.84545555917944e-05
202,-8.72222636611703e-05,-8.75396175194951e-05,8.76062382433608e-05,-3.00380474173773e-07,6.17715740654818e-09,-1.04244927073339e-07,-8.7522644135344e-05,-8.75334403620885e-05,8.75019933162875e-05
203,-8.62749593725561e-05,-8.65917124705664e-05,8.66584088429925e-05,-3.02523380479947e-07,7.15730507596068e-09,-1.05612660921037e-07,-8.6577482753036e-05,-8.65845551654905e-05,8.65527961820714e-05
204,-8.53310893035842e-05,-8.5647380529748e-05,8.57141613055132e-05,-3.04645076724711e-07,8.18800136647955e-09,-1.07007023828342e-07,-8.56357343803089e-05,-8.56391925283816e-05,8.56071542816849e-05
205,-8.43908377913164e-05,-8.47068031208577e-05,8.47736763611504e-05,-3.06740854664978e-07,9.26662713516887e-09,-1.08424700285682e-07,-8.46975786459813e-05,-8.46975364937226e-05,8.46652516608647e-05
206,-8.34543833702499e-05,-8.37701556597816e-05,8.38371287003768e-05,-3.08806333956196e-07,1.03904503715129e-08,-1.09862408837945e-07,-8.37631897042061e-05,-8.37597652094101e-05,8.37272662915389e-05
207,-8.25218987723185e-05,-8.28376075544741e-05,8.2904686973911e-05,-3.10837484021212e-07,1.15566502974499e-08,-1.11316925440785e-07,-8.28327362563397e-05,-8.28260509041767e-05,8.27933700484703e-05
208,-8.15935509275885e-05,-8.19093222059095e-05,8.19765137937528e-05,-3.12830642349211e-07,1.27623419493732e-08,-1.12785105948271e-07,-8.19063815699377e-05,-8.18965598639601e-05,8.18637286878045e-05
209,-8.06695000398205e-05,-8.0985456299511e-05,8.10527650993759e-05,-3.1478252568215e-07,1.40046005896533e-08,-1.14263906116044e-07,-8.09842825655026e-05,-8.09714516989214e-05,8.09385011932599e-05
210,-7.97498952367231e-05,-8.00661552898747e-05,8.0133585597447e-05,-3.16690236291965e-07,1.52804863128788e-08,-1.15750400097882e-07,-8.0066585473015e-05,-8.00508748035618e-05,8.00178351973491e-05
211,-7.88348790935364e-05,-7.91515578563394e-05,7.92191131850601e-05,-3.18551260082059e-07,1.65870660738989e-08,-1.17241794498221e-07,-7.91534303536185e-05,-7.91349707902655e-05,7.91018713905619e-05
212,-7.79245895243885e-05,-7.82417979880077e-05,7.83094810956692e-05,-3.20363460659788e-07,1.79214344207652e-08,-1.1873544021828e-07,-7.82449529850483e-05,-7.8223876553587e-05,7.81907456554509e-05
213,-7.70191597822953e-05,-7.7337004983746e-05,7.74048178990875e-05,-3.22125066396771e-07,1.92807327312034e-08,-1.20228840967144e-07,-7.73412848486921e-05,-7.73177242510148e-05,7.72845890581204e-05
214,-7.61187184591612e-05,-7.64373034521846e-05,7.65052475014883e-05,-3.23834660108086e-07,2.06621668193279e-08,-1.21719661559307e-07,-7.64425531192693e-05,-7.64166412853653e-05,7.6383527839929e-05
215,-7.5223389485778e-05,-7.55428133117176e-05,7.56108891454039e-05,-3.25491159106013e-07,2.20630220933946e-08,-1.23205731371087e-07,-7.55488806448841e-05,-7.55207502896242e-05,7.54876834140328e-05
216,-7.4333292131826e-05,-7.46536497905028e-05,7.47218574097267e-05,-3.27093795995341e-07,2.34806766928806e-08,-1.24685046697114e-07,-7.46603859278214e-05,-7.46301691138099e-05,7.45971723630296e-05
217,-7.34485410058733e-05,-7.37699234264619e-05,7.38382622097085e-05,-3.28642096984915e-07,2.49126123980936e-08,-1.26155770793922e-07,-7.37771831028582e-05,-7.37450108140638e-05,7.37121064389146e-05
218,-7.2569246055376e-05,-7.28917400672806e-05,7.29602087969606e-05,-3.30135858966972e-07,2.63564233907174e-08,-1.27616232080086e-07,-7.28993819143429e-05,-7.28653836438899e-05,7.28325925648805e-05
219,-7.16955125666782e-05,-7.20192008704081e-05,7.20877977594541e-05,-3.31575126588606e-07,2.78098230116169e-08,-1.29064920998585e-07,-7.20270876932668e-05,-7.19913910473965e-05,7.19587328384555e-05
220,-7.08274411650121e-05,-7.11524023030576e-05,7.12211250215195e-05,-3.32960165739909e-07,2.9270648313674e-08,-1.30500484214738e-07,-7.1160401330752e-05,-7.1123131654744e-05,7.10906245373047e-05
221,-6.99651274276037e-05,-7.02914359231583e-05,7.03602816349062e-05,-3.34291444073572e-07,3.07368634504596e-08,-1.31921720381853e-07,-7.02994188716773e-05,-7.02606990597078e-05,7.02283599145244e-05
222,-6.91086580865616e-05,-6.94363846004574e-05,6.95053500032181e-05,-3.35569605824391e-07,3.22065615096284e-08,-1.3332757296999e-07,-6.94442276923859e-05,-6.94041780389478e-05,6.93720224302481e-05
223,-6.82581141663572e-05,-6.85873254456837e-05,6.86564067965216e-05,-3.36795449638312e-07,3.36779638836594e-08,-1.34717122456141e-07,-6.85949096159955e-05,-6.85536474818e-05,6.85216896740654e-05
224,-6.74135731549791e-05,-6.77443321223286e-05,6.78135252699509e-05,-3.37969907108342e-07,3.51494185506305e-08,-1.3608957802338e-07,-6.77515430620874e-05,-6.7709182703778e-05,6.76774356919275e-05
225,-6.65751090052308e-05,-6.69074748482089e-05,6.69767752652846e-05,-3.3909402292261e-07,3.66193976933223e-08,-1.37444269356286e-07,-6.69142030281534e-05,-6.68708554505155e-05,6.68393309959283e-05
226,-6.57427921347307e-05,-6.60768203954662e-05,6.6146223210946e-05,-3.40168936358524e-07,3.80864944372705e-08,-1.38780638297701e-07,-6.60829610710892e-05,-6.60387339010289e-05,6.60074425726483e-05
227,-6.4916689425912e-05,-6.52524320905673e-05,6.53219321220025e-05,-3.41195864881551e-07,3.95494189502533e-08,-1.40098230781309e-07,-6.52578852907936e-05,-6.5212882671617e-05,6.51818338912212e-05
228,-6.40968642260229e-05,-6.44343698143039e-05,6.45039616001663e-05,-3.42176085678023e-07,4.10069935819765e-08,-1.41396687435701e-07,-6.44390403117009e-05,-6.43933628207219e-05,6.43625649127306e-05
229,-6.32833763471264e-05,-6.36226900017928e-05,6.36923678337937e-05,-3.43110925624445e-07,4.24581483580977e-08,-1.42675737236823e-07,-6.36264872727509e-05,-6.35802318534347e-05,6.35496920965568e-05
230,-6.24762820661004e-05,-6.28174456424759e-05,6.28872035978856e-05,-3.44001745664385e-07,4.39019153932935e-08,-1.43935188575655e-07,-6.28202838117648e-05,-6.27735437270826e-05,6.274326840931e-05
231,-6.16756341246377e-05,-6.201868628012e-05,6.20885182540876e-05,-3.44849930039079e-07,4.53374234931827e-08,-1.4517492206969e-07,-6.20204840546768e-05,-6.19733488566268e-05,6.19433433320179e-05
232,-6.0881481729246e-05,-6.12264580128171e-05,6.12963577506893e-05,-3.45656876118288e-07,4.67638925781181e-08,-1.46394883455752e-07,-6.12271386053642e-05,-6.1179694120239e-05,6.11499628672335e-05
233,-6.00938705994996e-05,-6.04408035560628e-05,6.05107646765325e-05,-3.46423985479691e-07,4.81806281482144e-08,-1.47595076926477e-07,-6.04402945849793e-05,-6.03926229279146e-05,6.0363169599606e-05
234,-5.93128405920867e-05,-5.96617599230739e-05,5.9731775915913e-05,-3.47152657047339e-07,4.95870163051176e-08,-1.48775559524311e-07,-5.9659993249134e-05,-5.96121729067688e-05,5.95830003563887e-05
235,-5.85384257990702e-05,-5.88893584549534e-05,5.895942271589e-05,-3.47844277217526e-07,5.0982517505386e-08,-1.49936433685721e-07,-5.88862700762877e-05,-5.88383759374481e-05,5.88094862822043e-05
236,-5.77706577060441e-05,-5.81236279811056e-05,5.81937338312026e-05,-3.48500218224066e-07,5.23666615176109e-08,-1.5107784333437e-07,-5.81191579242681e-05,-5.8071261319588e-05,5.80426559878683e-05
237,-5.70095653082419e-05,-5.73645949375092e-05,5.74347356407455e-05,-3.49121830396355e-07,5.37390418914444e-08,-1.52199967613154e-07,-5.73586871386382e-05,-5.73108558956177e-05,5.72825356731323e-05
238,-5.62551751105365e-05,-5.66122833667175e-05,5.6682452147569e-05,-3.49710438803861e-07,5.50993111265595e-08,-1.53303016545005e-07,-5.66048855493403e-05,-5.65571840555909e-05,5.6529149131024e-05
239,-5.55075111274402e-05,-5.58667149178584e-05,5.59369049788793e-05,-3.50267339898998e-07,5.6447175969849e-08,-1.5438722677865e-07,-5.58577784673392e-05,-5.58102677418886e-05,5.57825177521006e-05
240,-5.4766594883105e-05,-5.51279088466343e-05,5.51981133860381e-05,-3.50793798806801e-07,5.77823929521367e-08,-1.55452857709645e-07,-5.51173886819118e-05,-5.50701264536822e-05,5.50426605283285e-05
241,-5.40324454113221e-05,-5.43958820153222e-05,5.44660942445631e-05,-3.5129104718411e-07,5.91047641707985e-08,-1.56500187955178e-07,-5.43837364585063e-05,-5.43367772511514e-05,5.43095940566079e-05
242,-5.33050792555224e-05,-5.36706488927734e-05,5.37408620541275e-05,-3.5176028231663e-07,6.04141334448208e-08,-1.57529512489803e-07,-5.3656839537839e-05,-5.36102347593286e-05,5.35833325416377e-05
243,-5.25845104687759e-05,-5.2952221554414e-05,5.30224289385602e-05,-3.52202662996634e-07,6.17103821039653e-08,-1.5854113846411e-07,-5.29367131317725e-05,-5.289051117231e-05,5.28638878000961e-05
244,-5.18707506137925e-05,-5.22406096822445e-05,5.23108046458458e-05,-3.52619313105074e-07,6.2993426244303e-08,-1.59535384569123e-07,-5.22233699268975e-05,-5.21776162560002e-05,5.21512692612767e-05
245,-5.11638087694663e-05,-5.15358205710985e-05,5.16059965542138e-05,-3.5301131821295e-07,6.42632130075167e-08,-1.60512577422955e-07,-5.15168200876793e-05,-5.1471557358091e-05,5.14454839767909e-05
246,-5.04636913064398e-05,-5.08378588721733e-05,5.09080093911197e-05,-3.53379726211013e-07,6.55197180140343e-08,-1.61473050069467e-07,-5.08170710326508e-05,-5.07723391541592e-05,5.07465363410502e-05
247,-4.9770399281497e-05,-5.01467240112291e-05,5.02168426549316e-05,-3.53725547324442e-07,6.67629425057854e-08,-1.62417140078331e-07,-5.01241248288215e-05,-5.00799610687233e-05,5.00544255148533e-05
248,-4.90839310289003e-05,-4.94624127809308e-05,4.95324932255807e-05,-3.54049754284467e-07,6.79929103999343e-08,-1.63345187638057e-07,-4.94379807831848e-05,-4.93944198705309e-05,4.93691480379426e-05
249,-4.84042832658593e-05,-4.87849204258814e-05,4.88549564415496e-05,-3.54353283540112e-07,6.92096661298763e-08,-1.64257534520575e-07,-4.87586365493995e-05,-4.87157107597516e-05,4.8690698907029e-05
250,-4.77314510925308e-05,-4.81142406426221e-05,4.81842260998724e-05,-3.54637032884642e-07,7.04132718914482e-08,-1.65154521454189e-07,-4.80860881254154e-05,-4.80438273707307e-05,4.80190715784182e-05
251,-4.70654279920188e-05,-4.74503655796322e-05,4.75202944561347e-05,-3.54901866616761e-07,7.16038064790867e-08,-1.66036489068084e-07,-4.74203298586355e-05,-4.73787617731531e-05,4.73542579670667e-05
252,-4.64062058303746e-05,-4.67932858373292e-05,4.68631522244738e-05,-3.55148613386632e-07,7.27813628833273e-08,-1.66903775572662e-07,-4.67613544437612e-05,-4.67205044744458e-05,4.66962484489011e-05
253,-4.57537748565967e-05,-4.61429904680687e-05,4.62127885775781e-05,-3.55378067818805e-07,7.39460467441466e-08,-1.67756716269416e-07,-4.61091529244155e-05,-4.60690444213245e-05,4.60450318613087e-05
254,-4.51081237026309e-05,-4.54994669761445e-05,4.55691911466878e-05,-3.55590991458807e-07,7.50979748114265e-08,-1.68595642840102e-07,-4.54637146940897e-05,-4.54243690013331e-05,4.54005955038477e-05
255,-4.44692393833701e-05,-4.48627013177886e-05,4.49323460215945e-05,-3.55788113757459e-07,7.62372735394519e-08,-1.69420882737841e-07,-4.48250274971276e-05,-4.47864640442492e-05,4.47629251388567e-05
256,-4.38371072966547e-05,-4.42326779011713e-05,4.43022377506414e-05,-3.55970133837446e-07,7.73640779670611e-08,-1.70232759029413e-07,-4.41930774304921e-05,-4.41553138232042e-05,4.4132004991612e-05
257,-4.32117112232719e-05,-4.36093795864007e-05,4.3678849340723e-05,-3.56137718534701e-07,7.84785299168895e-08,-1.71031588541878e-07,-4.35678489418066e-05,-4.35309010564838e-05,4.35078177521811e-05
258,-4.25930333435045e-05,-4.29927877009152e-05,4.30621622723454e-05,-3.5629150793632e-07,7.95807779009473e-08,-1.718176836456e-07,-4.29493248514408e-05,-4.29132069230143e-05,4.28903445886998e-05
259,-4.19810539155486e-05,-4.23828816697142e-05,4.24521561118571e-05,-3.56432113458046e-07,8.06709759158679e-08,-1.72591350810241e-07,-4.23374860290066e-05,-4.23022106937983e-05,4.22795647610468e-05
260,-4.13757493141738e-05,-4.17796370783332e-05,4.18488065751901e-05,-3.56560119597721e-07,8.17492822930345e-08,-1.73352890422664e-07,-4.17323094337715e-05,-4.16978877960402e-05,4.16754536847674e-05
261,-4.07770943126094e-05,-4.1183027967959e-05,4.12520878374909e-05,-3.56676084962291e-07,8.28158588527403e-08,-1.74102596565373e-07,-4.11337703975717e-05,-4.11002121091063e-05,4.10779852409255e-05
262,-4.018506275066e-05,-4.05930274893616e-05,4.06619731849455e-05,-3.56780543295484e-07,8.38708703529016e-08,-1.74840756991545e-07,-4.05418432939555e-05,-4.05091566190087e-05,4.0487132427954e-05
263,-3.95996275347057e-05,-4.0009607902894e-05,4.00784350147797e-05,-3.56874004467893e-07,8.49144838471038e-08,-1.75567653027097e-07,-3.99565015391736e-05,-3.99246934190469e-05,3.99028673617526e-05
264,-3.90207606377023e-05,-3.94327405784928e-05,3.95014448352587e-05,-3.56956956209178e-07,8.59468682871634e-08,-1.76283559883119e-07,-3.93777175939115e-05,-3.93467937102056e-05,3.93251612753756e-05
265,-3.8448433099181e-05,-3.88623959956777e-05,3.89309732656876e-05,-3.57029862032653e-07,8.69681932912818e-08,-1.76988745142843e-07,-3.88054629612137e-05,-3.87754278023864e-05,3.87539845205447e-05
266,-3.78826150252486e-05,-3.82985437435517e-05,3.83669900364109e-05,-3.5709316668986e-07,8.79786297443272e-08,-1.77683470980022e-07,-3.82397081919384e-05,-3.82105651138074e-05,3.81893065654309e-05
267,-3.73232755885872e-05,-3.77411525208011e-05,3.7809463988813e-05,-3.57147294046622e-07,8.89783486731974e-08,-1.78367992701189e-07,-3.76804228826338e-05,-3.76521741721279e-05,3.76310959961118e-05
268,-3.67703830284546e-05,-3.71901901356956e-05,3.72583630753175e-05,-3.57192648702277e-07,8.99675210500508e-08,-1.79042559154223e-07,-3.71275756771569e-05,-3.71002226146455e-05,3.70793205161633e-05
269,-3.62239046506843e-05,-3.66456235060879e-05,3.67136543593881e-05,-3.57229616828105e-07,9.09463174600438e-08,-1.79707412786316e-07,-3.65811342675124e-05,-3.65546771886279e-05,3.65339469466018e-05
270,-3.56838068276848e-05,-3.61074186594141e-05,3.61753040155279e-05,-3.572585669761e-07,9.19149078055427e-08,-1.8036278971637e-07,-3.60410653946609e-05,-3.60155037516086e-05,3.59949412258115e-05
271,-3.51500549984406e-05,-3.55755407326937e-05,3.56432773292795e-05,-3.57279851616702e-07,9.28734612372778e-08,-1.81008920201681e-07,-3.55073348500573e-05,-3.54826672714565e-05,3.54622684090778e-05
272,-3.46226137412417e-05,-3.50499540254439e-05,3.51175387455307e-05,-3.57293804824728e-07,9.38221453969436e-08,-1.81646027361644e-07,-3.49799075460664e-05,-3.49561318800469e-05,3.49358927181691e-05
273,-3.41014452175233e-05,-3.45306204061013e-05,3.459805025883e-05,-3.57300747570385e-07,9.47611272594044e-08,-1.82274329502899e-07,-3.44587459650937e-05,-3.44358592788419e-05,3.44157759293271e-05
274,-3.35865098096798e-05,-3.40174999948593e-05,3.40847721103775e-05,-3.57300985414815e-07,9.56905717154082e-08,-1.82894038406321e-07,-3.39438107950946e-05,-3.39218094231439e-05,3.39018780719712e-05
275,-3.30777674752274e-05,-3.35105525130081e-05,3.35776641421621e-05,-3.57294809888788e-07,9.66106420457517e-08,-1.83505360102692e-07,-3.34350622851162e-05,-3.34139418709624e-05,3.33941587820595e-05
276,-3.25751777564722e-05,-3.30097372923547e-05,3.30766858063632e-05,-3.57282499121294e-07,9.75214997861055e-08,-1.84108494992118e-07,-3.29324602555935e-05,-3.29122157925686e-05,3.28925773113711e-05
277,-3.20786997805104e-05,-3.25150132752233e-05,3.25817961653503e-05,-3.5726431844669e-07,9.84233046054746e-08,-1.84703637965382e-07,-3.24359640989571e-05,-3.24165899706178e-05,3.23970925273849e-05
278,-3.15882922592277e-05,-3.20263390144553e-05,3.20929538916835e-05,-3.57240520984028e-07,9.93162142005742e-08,-1.85290978526641e-07,-3.19455327802117e-05,-3.19270228002547e-05,3.19076629131568e-05
279,-3.11039134892999e-05,-3.1543672673409e-05,3.16101172681131e-05,-3.5721134895559e-07,1.00200384415772e-07,-1.85870701312896e-07,-3.14611248382555e-05,-3.14434722889933e-05,3.14242465668002e-05
280,-3.06255213521927e-05,-3.10669720259603e-05,3.11332441875799e-05,-3.57177031159214e-07,1.0107596832414e-07,-1.86442984638803e-07,-3.09826983833519e-05,-3.09658960576361e-05,3.09468012029411e-05
281,-3.01530733141616e-05,-3.05961944565015e-05,3.06622921532151e-05,-3.5713778806531e-07,1.01943117422257e-07,-1.87008002992215e-07,-3.05102111022269e-05,-3.04942513390793e-05,3.04752841502229e-05
282,-2.9686526426252e-05,-3.01312969599427e-05,3.01972182783403e-05,-3.57093829241492e-07,1.02801980737273e-07,-1.87565925580429e-07,-3.00436202554935e-05,-3.00284949792054e-05,3.00096523527598e-05
283,-2.92258373242992e-05,-2.96722361417107e-05,2.97379792864672e-05,-3.57045354584795e-07,1.03652704992165e-07,-1.88116916851108e-07,-2.9582882678884e-05,-2.95685834367185e-05,2.9549862369616e-05
284,-2.87709622289282e-05,-2.92189682177495e-05,2.92845315112981e-05,-3.56992554761473e-07,1.04495434568699e-07,-1.88661136614174e-07,-2.91279547836896e-05,-2.91144727831808e-05,2.9095870374684e-05
285,-2.8321856945554e-05,-2.87714490145202e-05,2.88368308967258e-05,-3.56935611634235e-07,1.05330311480181e-07,-1.89198740166065e-07,-2.86787925571883e-05,-2.866611870304e-05,2.86476321565598e-05
286,-2.78784770134618e-05,-2.83296341116296e-05,2.83948331389533e-05,-3.56874699378308e-07,1.06157475822302e-07,-1.89729878962311e-07,-2.82353517128401e-05,-2.82234766358072e-05,2.8205103259991e-05
287,-2.74407765714636e-05,-2.78934776556191e-05,2.79584924839045e-05,-3.56809981812527e-07,1.0697706480702e-07,-1.90254699083829e-07,-2.77975865532761e-05,-2.77865005908121e-05,2.77682377848207e-05
288,-2.70087081925025e-05,-2.74629322157107e-05,2.75277615862522e-05,-3.56741617547569e-07,1.07789213341324e-07,-1.90773343338832e-07,-2.73654498100501e-05,-2.73551430023694e-05,2.73369882429134e-05
289,-2.65822243803242e-05,-2.70379503074547e-05,2.71025930463146e-05,-3.56669757107449e-07,1.08594053825778e-07,-1.9128595016903e-07,-2.69388941374317e-05,-2.69293562536289e-05,2.69113070961456e-05
290,-2.61612776052119e-05,-2.66184844286908e-05,2.66829394462499e-05,-3.56594544022857e-07,1.09391716400451e-07,-1.91792654178031e-07,-2.65178721492347e-05,-2.65090927122904e-05,2.64911467920719e-05
291,-2.57458203039859e-05,-2.62044870595488e-05,2.62687533500561e-05,-3.56516115147785e-07,1.10182328946324e-07,-1.92293586237815e-07,-2.61023364191337e-05,-2.60943047306025e-05,2.60764597638182e-05
292,-2.53358048800044e-05,-2.5795910662448e-05,2.5859987303571e-05,-3.56434600962228e-07,1.10966017090209e-07,-1.92788873592918e-07,-2.56922394809666e-05,-2.56849446453578e-05,2.56671984299781e-05
293,-2.49311837031627e-05,-2.53927076820974e-05,2.54565938344726e-05,-3.56350126631288e-07,1.11742904450179e-07,-1.93278640377089e-07,-2.5287533829794e-05,-2.52809647776472e-05,2.52633151940955e-05
294,-2.45319091098937e-05,-2.49948305454956e-05,2.50585254522785e-05,-3.56262809201234e-07,1.12513111697758e-07,-1.93763006053427e-07,-2.4888171919095e-05,-2.48823174337979e-05,2.48647624462251e-05
295,-2.41379334031677e-05,-2.46022316619312e-05,2.46657346483464e-05,-3.56172762483291e-07,1.13276757990718e-07,-1.94242087997521e-07,-2.4494106165651e-05,-2.44889549039405e-05,2.44714925603488e-05
296,-2.37492088524925e-05,-2.42148634229821e-05,2.42781738958736e-05,-3.56080094226065e-07,1.1403396004314e-07,-1.94715999934958e-07,-2.41052889467185e-05,-2.4100829462939e-05,2.40834578959387e-05
297,-2.33656876939131e-05,-2.38326782025162e-05,2.38957956498977e-05,-3.55984907127623e-07,1.14784832378177e-07,-1.95184852447191e-07,-2.37216726010407e-05,-2.37178933701381e-05,2.37006107974505e-05
298,-2.29873221300123e-05,-2.34556283566911e-05,2.35185523472959e-05,-3.55887299063296e-07,1.15529487345367e-07,-1.95648753059021e-07,-2.33432094290756e-05,-2.33400988693457e-05,2.33229035942369e-05
299,-2.261406432991e-05,-2.30836662239537e-05,2.31463964067853e-05,-3.55787363309542e-07,1.16268035141164e-07,-1.961078063269e-07,-2.29698516932195e-05,-2.29673981888126e-05,2.29502886004584e-05
300,-2.22458664292637e-05,-2.27167441250412e-05,2.27792802289231e-05,-3.55685188750739e-07,1.17000583828181e-07,-1.96562113920694e-07,-2.26015516180144e-05,-2.2599743541213e-05,2.25827181150024e-05
301,-2.18826805177934e-05,-2.23548143496542e-05,2.24171561825699e-05,-3.55580860852702e-07,1.17727239622946e-07,-1.97011775140025e-07,-2.22382613786461e-05,-2.22370871100312e-05,2.22201444074299e-05
302,-2.15244578455934e-05,-2.19978283089833e-05,2.20599757435166e-05,-3.55474458653095e-07,1.1844810627689e-07,-1.97456885498397e-07,-2.18799323042465e-05,-2.18793802027064e-05,2.18625188580182e-05
303,-2.1171148882232e-05,-2.16457365912247e-05,2.17076895487357e-05,-3.55366059836262e-07,1.19163285829328e-07,-1.97897538916801e-07,-2.15265149420683e-05,-2.15265733053954e-05,2.15097920098189e-05
304,-2.08227043062669e-05,-2.1298490006632e-05,2.13602484574147e-05,-3.55255737717005e-07,1.1987287791367e-07,-1.98333826255775e-07,-2.11779600439839e-05,-2.11786171287184e-05,2.1161914631159e-05
305,-2.04790749746954e-05,-2.09560395536169e-05,2.10176035165838e-05,-3.55143562088068e-07,1.20576980311085e-07,-1.98765835967009e-07,-2.08342185367835e-05,-2.08354625733058e-05,2.08188376806168e-05
306,-2.0140211922954e-05,-2.06183364187484e-05,2.06797059611156e-05,-3.55029599377257e-07,1.21275688972408e-07,-1.9919365416033e-07,-2.04952415223313e-05,-2.0497060729776e-05,2.04805123069552e-05
307,-1.98060663649186e-05,-2.02853319767538e-05,2.03465072137252e-05,-3.54913912796678e-07,1.21969098039846e-07,-1.99617364667906e-07,-2.01609802777153e-05,-2.0163362878714e-05,2.01468898490573e-05
308,-1.94765896929045e-05,-1.99569777905181e-05,2.00179588849706e-05,-3.5479656326334e-07,1.2265730013335e-07,-2.0003704954204e-07,-1.98313862561678e-05,-1.98343204903847e-05,1.98179218354286e-05
309,-1.91517334776665e-05,-1.96332256110839e-05,1.96940127732521e-05,-3.54677606438841e-07,1.23340385320418e-07,-2.00452787381594e-07,-1.95064110841053e-05,-1.95098852257635e-05,1.94935599858705e-05
310,-1.88314494683985e-05,-1.93140273776519e-05,1.93746208648126e-05,-3.54557097506795e-07,1.24018442713883e-07,-2.00864655989659e-07,-1.91860065659053e-05,-1.9190008934938e-05,1.91737562088229e-05
311,-1.85156895927341e-05,-1.89993352175804e-05,1.90597353337375e-05,-3.54435088202938e-07,1.24691559445305e-07,-2.01272730699188e-07,-1.88701246809371e-05,-1.88746436581351e-05,1.88584626030383e-05
312,-1.82044059567462e-05,-1.86891014463857e-05,1.87493085419549e-05,-3.54311627711719e-07,1.25359820949101e-07,-2.01677084861269e-07,-1.85587175844579e-05,-1.85637416254366e-05,1.85476314570937e-05
313,-1.78975508449469e-05,-1.83832785677418e-05,1.84432930392355e-05,-3.54186762783082e-07,1.26023310984468e-07,-2.02077789898683e-07,-1.82517376077299e-05,-1.82572552567573e-05,1.82412152493369e-05
314,-1.75950767202878e-05,-1.80818192734805e-05,1.81416415631925e-05,-3.54060537843006e-07,1.2668211165658e-07,-2.0247491535687e-07,-1.79491372581308e-05,-1.79551371618239e-05,1.79391666478356e-05
315,-1.729693622416e-05,-1.77846764435916e-05,1.78443070392815e-05,-3.5393299510191e-07,1.27336303438358e-07,-2.02868528954581e-07,-1.76508692192619e-05,-1.76573401401532e-05,1.76414385103269e-05
316,-1.70030821577351e-05,-1.74918031259711e-05,1.75512425601781e-05,-3.53804175428521e-07,1.27985965480078e-07,-2.03258697081575e-07,-1.73568863331637e-05,-1.7363817160491e-05,1.73479838630966e-05
317,-1.67134668954887e-05,-1.72031518928736e-05,1.72624007290356e-05,-3.53674115293272e-07,1.28631174686735e-07,-2.03645483164657e-07,-1.7067141010782e-05,-1.70745207181869e-05,1.70587552458709e-05
318,-1.64280427402832e-05,-1.69186752106519e-05,1.69777340332275e-05,-3.53542851712759e-07,1.29272006910827e-07,-2.04028950111024e-07,-1.6781585591996e-05,-1.67894032037411e-05,1.67737050831165e-05
319,-1.61467623643503e-05,-1.6638325926542e-05,1.66971953421054e-05,-3.53410419099955e-07,1.29908536180359e-07,-2.04409158743668e-07,-1.65001727834503e-05,-1.65084173903616e-05,1.64927861833618e-05
320,-1.58695787262525e-05,-1.63620571804607e-05,1.64207378175997e-05,-3.53276850068779e-07,1.30540835140689e-07,-2.04786168364133e-07,-1.62228555763213e-05,-1.62315163453201e-05,1.62159516492356e-05
321,-1.55964450708836e-05,-1.60898224050067e-05,1.61483149142195e-05,-3.53142175513795e-07,1.3116897507226e-07,-2.051600367909e-07,-1.59495872463974e-05,-1.59586534299344e-05,1.59431548774286e-05
322,-1.53273149294682e-05,-1.58215753254594e-05,1.58798803790525e-05,-3.53006424686886e-07,1.3179302590802e-07,-2.05530820396562e-07,-1.56803213541551e-05,-1.56897822995514e-05,1.5674349558656e-05
323,-1.50621421195622e-05,-1.55572699597798e-05,1.56153882517654e-05,-3.52869626051057e-07,1.32413056538615e-07,-2.05898574595883e-07,-1.54150117456132e-05,-1.54248569032412e-05,1.54094896771696e-05
324,-1.48008807450523e-05,-1.529686061861e-05,1.53547928646036e-05,-3.52731804245213e-07,1.33029133683349e-07,-2.06263352081365e-07,-1.51536125492975e-05,-1.51638314849267e-05,1.51485295125222e-05
325,-1.45434851961564e-05,-1.50403019052735e-05,1.5098048842391e-05,-3.52592984812619e-07,1.33641323623465e-07,-2.06625205554924e-07,-1.48960781809691e-05,-1.49066605816501e-05,1.48914236368361e-05
326,-1.42899101494237e-05,-1.4787548715775e-05,1.48451111025307e-05,-3.52453191163046e-07,1.34249691076292e-07,-2.06984185964702e-07,-1.46423633405867e-05,-1.46532990246987e-05,1.4638126916566e-05
327,-1.40401105677339e-05,-1.45385562388003e-05,1.45959348550041e-05,-3.52312445411141e-07,1.34854299495774e-07,-2.07340342984876e-07,-1.43924230131451e-05,-1.44037019393045e-05,1.43885945120192e-05
328,-1.37940417002983e-05,-1.42932799557168e-05,1.43504756023718e-05,-3.52170768440589e-07,1.35455211089032e-07,-2.07693725048089e-07,-1.41462124687389e-05,-1.41578247446278e-05,1.41427818773237e-05
329,-1.35516590826589e-05,-1.40516756405729e-05,1.41086891397728e-05,-3.52028179963527e-07,1.36052486831647e-07,-2.08044379375435e-07,-1.39036872626225e-05,-1.39156231537412e-05,1.39006447603973e-05
330,-1.33129184943176e-05,-1.38136993123779e-05,1.38705315060919e-05,-3.51884698563265e-07,1.36646186514358e-07,-2.08392352021847e-07,-1.36648031928808e-05,-1.36770531258635e-05,1.36621391540701e-05
331,-1.30777756615084e-05,-1.3579306886649e-05,1.36359586251371e-05,-3.51740342536783e-07,1.3723636906157e-07,-2.08737688369251e-07,-1.34295160040452e-05,-1.34420705175874e-05,1.34272209367679e-05
332,-1.28461865969198e-05,-1.3348454547031e-05,1.34049266843506e-05,-3.51595126964823e-07,1.37823091076424e-07,-2.09080431179988e-07,-1.31977817238846e-05,-1.32106314559545e-05,1.31958462531706e-05
333,-1.26181076702715e-05,-1.31210988401535e-05,1.31773922345881e-05,-3.5144906826681e-07,1.38406408966189e-07,-2.09420623532045e-07,-1.29695567385383e-05,-1.29826924311874e-05,1.29679716110561e-05
334,-1.23934955889417e-05,-1.28971966549971e-05,1.29533121692059e-05,-3.51302181122017e-07,1.38986377804697e-07,-2.097583070344e-07,-1.27447977700637e-05,-1.27582102771924e-05,1.27435538621715e-05
335,-1.21723073979664e-05,-1.26767052228927e-05,1.27326437240601e-05,-3.51154479289908e-07,1.39563051640816e-07,-2.10093522306118e-07,-1.25234618772563e-05,-1.25371421712519e-05,1.2522550201754e-05
336,-1.19545004800396e-05,-1.24595821175218e-05,1.25153444775072e-05,-3.51005975657622e-07,1.40136483511833e-07,-2.10426309001102e-07,-1.23055064556972e-05,-1.231944563401e-05,1.23049181685061e-05
337,-1.17400325555132e-05,-1.22457852549166e-05,1.2301372350404e-05,-3.50856682281095e-07,1.40706725454627e-07,-2.10756705829251e-07,-1.20908892377943e-05,-1.2105078529462e-05,1.20906156445747e-05
338,-1.15288616823973e-05,-1.20352728934597e-05,1.20906856061073e-05,-3.50706611203355e-07,1.41273828825315e-07,-2.11084751042315e-07,-1.18795682936007e-05,-1.18939990646344e-05,1.18796008550649e-05
339,-1.13209462563599e-05,-1.18280036338846e-05,1.18832428504742e-05,-3.50555771383312e-07,1.41837843078054e-07,-2.11410480596037e-07,-1.16715020277432e-05,-1.16861657908065e-05,1.16718323698782e-05
340,-1.1116245010727e-05,-1.16239364192749e-05,1.16790030318622e-05,-3.50404173403424e-07,1.42398817623438e-07,-2.11733930958298e-07,-1.14666491841304e-05,-1.14815376016515e-05,1.14672691009039e-05
341,-1.09147170164824e-05,-1.14230305350653e-05,1.14779254411286e-05,-3.50251826392763e-07,1.42956800608239e-07,-2.12055137269967e-07,-1.12649688428752e-05,-1.1280073734457e-05,1.12658703038587e-05
342,-1.07163216822683e-05,-1.12252456090407e-05,1.12799697116314e-05,-3.50098738842291e-07,1.43511839233358e-07,-2.12374133828634e-07,-1.10664204211106e-05,-1.10817337698073e-05,1.10675955778028e-05
343,-1.05210187206472e-05,-1.1030541571916e-05,1.10850957787252e-05,-3.49944918625148e-07,1.44063979793169e-07,-2.12690954121592e-07,-1.08709636392723e-05,-1.08864775921228e-05,1.08724048246036e-05
344,-1.0328768004774e-05,-1.08388784699648e-05,1.08932636844045e-05,-3.49790373060966e-07,1.4461326764671e-07,-2.13005630828076e-07,-1.0678558377835e-05,-1.06942652023181e-05,1.06802580535764e-05
345,-1.01395297814202e-05,-1.06502167065757e-05,1.07044338246082e-05,-3.49635109807754e-07,1.45159747384306e-07,-2.13318196227641e-07,-1.04891648912279e-05,-1.05050569591914e-05,1.04911156283806e-05
346,-9.95326466143514e-06,-1.04645170535625e-05,1.05185669641709e-05,-3.4947913363716e-07,1.45703461820323e-07,-2.13628680453743e-07,-1.03027437950723e-05,-1.03188135917421e-05,1.03049382837172e-05
347,-9.76993361022861e-06,-1.0281740641193e-05,1.03356242267453e-05,-3.49322451125597e-07,1.46244453927078e-07,-2.13937114346732e-07,-1.01192560613542e-05,-1.0135496187266e-05,1.01216871123986e-05
348,-9.58949794777059e-06,-1.01018489581894e-05,1.01555670948027e-05,-3.49165067567604e-07,1.46782765573916e-07,-2.1424352758435e-07,-9.9386630153382e-06,-9.95506619261549e-06,9.94132356721831e-06
349,-9.4119193485913e-06,-9.92480385172764e-06,9.9783574096324e-06,-3.49006987781333e-07,1.47318437851927e-07,-2.14547949166706e-07,-9.76092633637263e-06,-9.77748541387571e-06,9.76380946046569e-06
350,-9.2371598417812e-06,-9.75056752743786e-06,9.80395737134245e-06,-3.48848216135925e-07,1.47851511082093e-07,-2.14850407430836e-07,-9.58600805791713e-06,-9.60271601635577e-06,9.58910696391162e-06
351,-9.06518181099103e-06,-9.57910254940425e-06,9.6323295388591e-06,-3.48688756574339e-07,1.48382024821653e-07,-2.15150930062551e-07,-9.41387056756537e-06,-9.43072052458259e-06,9.41717860879655e-06
352,-8.89594799443174e-06,-9.41037184016507e-06,9.46343682992695e-06,-3.48528612641442e-07,1.48910017872782e-07,-2.15449544111588e-07,-9.24447660707318e-06,-9.26146182229228e-06,9.24798728581537e-06
353,-8.72942148487456e-06,-9.24433868071263e-06,9.297242521109e-06,-3.48367788284023e-07,1.49435528617406e-07,-2.15746276481495e-07,-9.07778927315858e-06,-9.09490315209522e-06,9.08149624462751e-06
354,-8.56556572965093e-06,-9.08096671049331e-06,9.13371024778659e-06,-3.48206284760266e-07,1.49958593710288e-07,-2.16041152028174e-07,-8.9137720144112e-06,-8.93100811678302e-06,8.91766909575842e-06
355,-8.40434452639292e-06,-8.92021992249309e-06,8.97280399912492e-06,-3.48044105331414e-07,1.50479250060206e-07,-2.16334196444558e-07,-8.75238863172434e-06,-8.76974067243288e-06,8.75646980268036e-06
356,-8.24572193504153e-06,-8.76206254548737e-06,8.8144879952606e-06,-3.4788125215729e-07,1.50997533559069e-07,-2.16625434378525e-07,-8.59360318719882e-06,-8.6110650119283e-06,8.59786256088208e-06
357,-8.08966238013562e-06,-8.60645913973393e-06,8.65872678242486e-06,-3.4771772720857e-07,1.51513479220674e-07,-2.169148898295e-07,-8.43738010734419e-06,-8.45494566051326e-06,8.44181189259536e-06
358,-7.93613066231336e-06,-8.45337464370845e-06,8.50548528544903e-06,-3.47553532174786e-07,1.52027121371271e-07,-2.17202586244824e-07,-8.28368419448815e-06,-8.30134752233717e-06,8.2882826992042e-06
359,-7.78509193281604e-06,-8.30277435002114e-06,8.35472878382138e-06,-3.47388668448442e-07,1.52538493714974e-07,-2.17488546558077e-07,-8.13248060126449e-06,-8.15023585630617e-06,8.1372402372633e-06
360,-7.63651169348808e-06,-8.15462390541677e-06,8.20642291168706e-06,-3.4722313792185e-07,1.53047629677011e-07,-2.17772793683511e-07,-7.98373483140993e-06,-8.00157627573976e-06,7.98865011800355e-06
361,-7.49035579677701e-06,-8.00888931077462e-06,8.06053365784815e-06,-3.47056939890225e-07,1.53554561058453e-07,-2.18055348586914e-07,-7.83741273666723e-06,-7.85533474971617e-06,7.84247830926124e-06
362,-7.34659044573349e-06,-7.86553692110853e-06,7.91702736576362e-06,-3.46890075740672e-07,1.54059320064907e-07,-2.18336233201056e-07,-7.69348052147416e-06,-7.71147760104362e-06,7.69869113256257e-06
363,-7.2051821940113e-06,-7.72453344556685e-06,7.77587073354934e-06,-3.46722545855251e-07,1.5456193796394e-07,-2.18615468498337e-07,-7.55190473986655e-06,-7.56997150760291e-06,7.557255265051e-06
364,-7.06609794586735e-06,-7.5858459474325e-06,7.63703081397808e-06,-3.46554350404757e-07,1.55062445425962e-07,-2.18893074982626e-07,-7.41265229627211e-06,-7.43078350200654e-06,7.41813773899545e-06
365,-6.92930495616168e-06,-7.44944184412292e-06,7.50047501447953e-06,-3.46385489364112e-07,1.55560872528626e-07,-2.19169072697332e-07,-7.27569044552579e-06,-7.29388097159429e-06,7.2813059417822e-06
366,-6.79477083035742e-06,-7.31528890719008e-06,7.36617109714027e-06,-3.462159625312e-07,1.56057248762811e-07,-2.1944348123567e-07,-7.14098679288862e-06,-7.15923165842727e-06,7.1467276159046e-06
367,-6.66246351741936e-06,-7.18335525379871e-06,7.23408716994027e-06,-3.46045769532202e-07,1.56551603042976e-07,-2.19716319749337e-07,-7.00850928695156e-06,-7.02680365075574e-06,7.01437085019093e-06
368,-6.53235126081217e-06,-7.05360926644898e-06,7.10419160160424e-06,-3.45874910623534e-07,1.57043964066144e-07,-2.19987607455157e-07,-6.8782261714357e-06,-6.89656530238284e-06,6.88420399414909e-06
369,-6.40440269952302e-06,-6.92601969701685e-06,6.97645312661022e-06,-3.45703383672786e-07,1.57534358789336e-07,-2.20257361613669e-07,-6.75010608319581e-06,-6.76848533822751e-06,6.75619576499655e-06
370,-6.27858682345239e-06,-6.80055565099817e-06,6.85084083364387e-06,-3.45531188733823e-07,1.58022814684031e-07,-2.2052560055715e-07,-6.62411801218621e-06,-6.64253283631413e-06,6.63031523308672e-06
371,-6.15487295691368e-06,-6.6771865717044e-06,6.72732414983436e-06,-3.453583249294e-07,1.58509358382685e-07,-2.20792341748153e-07,-6.50023128184308e-06,-6.51867721332172e-06,6.50653180808621e-06
372,-6.03323075863329e-06,-6.55588224026267e-06,6.60587284075436e-06,-3.45184791240501e-07,1.5899401602836e-07,-2.21057602275715e-07,-6.37841554987379e-06,-6.39688822423431e-06,6.38481523847864e-06
373,-5.91363022175058e-06,-6.4366127756157e-06,6.48645701042004e-06,-3.45010586516885e-07,1.59476813277453e-07,-2.21321398860688e-07,-6.25864080826747e-06,-6.27713596233825e-06,6.26513561155935e-06
374,-5.79604167381787e-06,-6.31934863452187e-06,6.36904710129109e-06,-3.44835709491843e-07,1.59957775304394e-07,-2.21583747863785e-07,-6.14087738330971e-06,-6.15939085921747e-06,6.14746335342731e-06
375,-5.68043577680042e-06,-6.20406061155515e-06,6.2536138942707e-06,-3.44660159568438e-07,1.60436927160008e-07,-2.21844665786579e-07,-6.02509593636886e-06,-6.04362368439515e-06,6.03176922848412e-06
376,-5.5667835270765e-06,-6.09071983910519e-06,6.14012850870554e-06,-3.44483933721923e-07,1.60914292350969e-07,-2.22104167291937e-07,-5.91126746079843e-06,-5.92980554675422e-06,5.91802434141361e-06
377,-5.45505625543732e-06,-5.97929778737724e-06,6.02856240238583e-06,-3.44307031174651e-07,1.61389894976911e-07,-2.22362268187064e-07,-5.79936328661197e-06,-5.81790789240033e-06,5.80620013419876e-06
378,-5.34522562708705e-06,-5.86976626439218e-06,5.91888737154524e-06,-3.4412945029763e-07,1.61863758312052e-07,-2.22618983445109e-07,-5.68935507738468e-06,-5.70790250608013e-06,5.69626838810014e-06
379,-5.23726361581679e-06,-5.76209737904729e-06,5.8110755122361e-06,-3.43951189386112e-07,1.62335905186074e-07,-2.2287432771761e-07,-5.5812148052029e-06,-5.59976147386122e-06,5.58820118451849e-06
380,-5.13114254329647e-06,-5.65626355059035e-06,5.7050992258076e-06,-3.4377224673335e-07,1.62806357897914e-07,-2.23128315301607e-07,-5.47491479002982e-06,-5.49345719269244e-06,5.481970910506e-06
381,-5.0268350970528e-06,-5.55223755922415e-06,5.60093127430264e-06,-3.43592620610475e-07,1.63275138253379e-07,-2.23380960158018e-07,-5.37042771766327e-06,-5.38896242097077e-06,5.37755031414463e-06
382,-4.92431427635825e-06,-5.4499925003044e-06,5.49854473560959e-06,-3.43412309214353e-07,1.63742267661364e-07,-2.23632275958393e-07,-5.26772658557261e-06,-5.28625023264303e-06,5.2749124596512e-06
383,-4.82355339201822e-06,-5.34950178411045e-06,5.39791300322977e-06,-3.43231311452635e-07,1.64207767502308e-07,-2.2388227659224e-07,-5.16678470347086e-06,-5.18529401660815e-06,5.17403072663753e-06
384,-4.72452606637101e-06,-5.2507391358453e-06,5.29900978627744e-06,-3.4304962384454e-07,1.64671657667661e-07,-2.24130974160268e-07,-5.06757569021555e-06,-5.08606747817764e-06,5.07487881211718e-06
385,-4.6272062332878e-06,-5.15367859563558e-06,5.20180910947985e-06,-3.42867245189433e-07,1.65133958753862e-07,-2.24378381993222e-07,-4.97007347847724e-06,-4.98854463688172e-06,4.97743072748662e-06
386,-4.53156813817271e-06,-5.05829451853156e-06,5.10628531317714e-06,-3.42684173469064e-07,1.65594690605004e-07,-2.24624512647747e-07,-4.87425231164178e-06,-4.89269982792656e-06,4.88166080052939e-06
387,-4.43758633796275e-06,-4.96456157450715e-06,5.01241305332243e-06,-3.42500406630895e-07,1.66053872678992e-07,-2.24869378411602e-07,-4.78008674459364e-06,-4.79850770182816e-06,4.78754367491083e-06
388,-4.34523570112782e-06,-4.8724547484599e-06,4.9201673014818e-06,-3.4231594259819e-07,1.66511524050689e-07,-2.25112991309114e-07,-4.68755164372601e-06,-4.70594322440921e-06,4.69505431017269e-06
389,-4.25449140767076e-06,-4.781949340211e-06,4.82952334483425e-06,-3.42130779273774e-07,1.66967663412078e-07,-2.25355363102549e-07,-4.59662218694453e-06,-4.61498167679892e-06,4.6041679817317e-06
390,-4.16532893505648e-06,-4.69302094364133e-06,4.74045676432948e-06,-3.41944915318807e-07,1.67422309463862e-07,-2.25596505812761e-07,-4.50727385037528e-06,-4.52559863417747e-06,4.51486025851672e-06
391,-4.07772408603624e-06,-4.60564544341765e-06,4.65294342740594e-06,-3.41758347096571e-07,1.67875479369645e-07,-2.25836429669912e-07,-4.41948243313281e-06,-4.43776996404801e-06,4.42710699773603e-06
392,-3.99165301202053e-06,-4.51979906430034e-06,4.56695954097882e-06,-3.41571073333819e-07,1.68327190997847e-07,-2.26075146161868e-07,-4.33322408535435e-06,-4.3514718733025e-06,4.34088439481695e-06
393,-3.90709215144126e-06,-4.4354583215473e-06,4.48248160319001e-06,-3.41383091955158e-07,1.68777461519156e-07,-2.26312666043954e-07,-4.24847524339641e-06,-4.26668086002814e-06,4.25616893714605e-06
394,-3.82401822829639e-06,-4.35260001939875e-06,4.3994864018781e-06,-3.41194400867427e-07,1.69226307784508e-07,-2.26548999852409e-07,-4.16521262916382e-06,-4.18337371161425e-06,4.17293740202569e-06
395,-3.74240825214991e-06,-4.27120125107729e-06,4.31795101457833e-06,-3.41004997964323e-07,1.69673746325896e-07,-2.2678415790646e-07,-4.08341325011423e-06,-4.10152750475139e-06,4.09116685667187e-06
396,-3.66223951813184e-06,-4.19123939878783e-06,4.23785280852266e-06,-3.40814881132697e-07,1.70119793358006e-07,-2.27018150311513e-07,-4.00305439926453e-06,-4.02111960542983e-06,4.01083465821114e-06
397,-3.58348960693821e-06,-4.11269213371765e-06,4.15916944063968e-06,-3.40624049032842e-07,1.70564465161527e-07,-2.27250987474793e-07,-3.92411365597106e-06,-3.94212766855612e-06,3.93191845316488e-06
398,-3.50613638483112e-06,-4.03553741603634e-06,4.08187885755469e-06,-3.40432498006114e-07,1.71007776558111e-07,-2.27482678057852e-07,-3.84656888283724e-06,-3.86452963947823e-06,3.85439617949684e-06
399,-3.43015800363866e-06,-3.95975349489588e-06,4.00595929558968e-06,-3.40240226728102e-07,1.71449743199798e-07,-2.27713232053914e-07,-3.77039823036676e-06,-3.78830375169608e-06,3.77824606353576e-06
400,-3.35553290075497e-06,-3.88531890843055e-06,3.93138928076329e-06,-3.40047233115617e-07,1.71890380046132e-07,-2.2794265874161e-07,-3.69558013387058e-06,-3.71342852838441e-06,3.70344662202168e-06
401,-3.28223978567521e-06,-3.81221245846391e-06,3.8581476019203e-06,-3.39853515099982e-07,1.72329701759702e-07,-2.28170967206442e-07,-3.62209330077519e-06,-3.63988275670421e-06,3.62997663471386e-06
402,-3.21025769311167e-06,-3.7404132401036e-06,3.78621333763655e-06,-3.39659070682433e-07,1.72767722644447e-07,-2.28398166318113e-07,-3.5499167637941e-06,-3.56764551745915e-06,3.55781517131844e-06
403,-3.13956595704115e-06,-3.66990064536975e-06,3.71556586356639e-06,-3.39463897901791e-07,1.73204456690709e-07,-2.28624264749791e-07,-3.47902985494294e-06,-3.49669618867904e-06,3.4869415988166e-06
404,-3.07014417029565e-06,-3.60065432858868e-06,3.6461848183833e-06,-3.3926799480244e-07,1.73639917625918e-07,-2.28849271001226e-07,-3.40941216509809e-06,-3.42701441096277e-06,3.41733554738208e-06
405,-3.00197218456209e-06,-3.53265420639264e-06,3.57805010377968e-06,-3.39071360212942e-07,1.7407411930698e-07,-2.29073193919873e-07,-3.34104354477503e-06,-3.35858008708566e-06,3.34897690985981e-06
406,-2.93503011038235e-06,-3.46588045771978e-06,3.5111418844668e-06,-3.38873990656386e-07,1.74507074158272e-07,-2.29296040629681e-07,-3.27390410103873e-06,-3.29137338356151e-06,3.28184584383712e-06
407,-2.86929831715326e-06,-3.4003135238142e-06,3.44544058817484e-06,-3.38675884995377e-07,1.74938795515109e-07,-2.29517819641729e-07,-3.20797420214864e-06,-3.22537472829909e-06,3.21592276853311e-06
408,-2.8047574331266e-06,-3.33593410822592e-06,3.38092690565287e-06,-3.38477041341601e-07,1.75369296063781e-07,-2.29738538784103e-07,-3.1432344744682e-06,-3.16056481216213e-06,3.15118836686877e-06
409,-2.74138834540911e-06,-3.27272317681087e-06,3.31758179066886e-06,-3.38277457836706e-07,1.75798588233967e-07,-2.29958205723806e-07,-3.07966580324582e-06,-3.0969245885769e-06,3.08762358494505e-06
410,-2.67917219996247e-06,-3.21066195773092e-06,3.25538646000966e-06,-3.38077132652672e-07,1.76226684197763e-07,-2.30176827966229e-07,-3.01724933261514e-06,-3.03443527353316e-06,3.02520963204343e-06
411,-2.61809039723497e-06,-3.14973193499444e-06,3.1943223867436e-06,-3.37876063994975e-07,1.76653595876556e-07,-2.30394412860789e-07,-2.95596646122995e-06,-2.97307833911788e-06,2.96392797388281e-06
412,-2.55812460598601e-06,-3.08991483615327e-06,3.13437128482401e-06,-3.37674250892706e-07,1.77079335327701e-07,-2.30610968122084e-07,-2.89579885687872e-06,-2.91283550082557e-06,2.90376031670193e-06
413,-2.49925679714791e-06,-3.03119267524463e-06,3.07551515338674e-06,-3.37471690137984e-07,1.77503913120724e-07,-2.30826499727173e-07,-2.83672848728589e-06,-2.85368876212391e-06,2.84468865365957e-06
414,-2.44146918018859e-06,-2.97354770808316e-06,3.01773623403958e-06,-3.37268380863476e-07,1.77927340795455e-07,-2.31041015080163e-07,-2.77873756105207e-06,-2.7956203672877e-06,2.78669521895941e-06
415,-2.38474419729986e-06,-2.91696242671163e-06,2.96101700531476e-06,-3.37064321455524e-07,1.78349629279249e-07,-2.31254520928073e-07,-2.72180851875538e-06,-2.73861279743238e-06,2.72976248438669e-06
416,-2.32906452339735e-06,-2.86141955940103e-06,2.90534018266897e-06,-3.36859510326701e-07,1.78770789283723e-07,-2.31467023882837e-07,-2.66592403372405e-06,-2.6826487701173e-06,2.67387315878613e-06
417,-2.27441306612057e-06,-2.8069020706505e-06,2.85068871848331e-06,-3.36653945922495e-07,1.79190831307215e-07,-2.31678530425176e-07,-2.61106701204307e-06,-2.62771123934329e-06,2.61901018805814e-06
418,-2.22077296583289e-06,-2.75339316118739e-06,2.79704580206336e-06,-3.36447626722007e-07,1.79609765634146e-07,-2.31889046904406e-07,-2.55722059255489e-06,-2.57378339555324e-06,2.56515675515896e-06
419,-2.1681275956215e-06,-2.7008762679672e-06,2.74439485963911e-06,-3.36240551242353e-07,1.80027602336338e-07,-2.32098579540779e-07,-2.50436814686385e-06,-2.52084866563086e-06,2.51229628009833e-06
420,-2.11646056129748e-06,-2.64933506417363e-06,2.692719554365e-06,-3.36032718811004e-07,1.8044435168042e-07,-2.32307134954538e-07,-2.45249328010848e-06,-2.46889071249321e-06,2.46041241941047e-06
421,-2.0657556991354e-06,-2.59875345638493e-06,2.6420037834068e-06,-3.35824126489264e-07,1.80860022504515e-07,-2.325147180582e-07,-2.40157982562466e-06,-2.41789343388042e-06,2.4094890653486e-06
422,-2.01599707945198e-06,-2.54911556821713e-06,2.59223165929224e-06,-3.35614773696769e-07,1.81274624658537e-07,-2.32721335224917e-07,-2.35161185314874e-06,-2.36784094355859e-06,2.35951032406732e-06
423,-1.96716905457074e-06,-2.50040578353995e-06,2.54338755290228e-06,-3.35404659169794e-07,1.8168816733592e-07,-2.32926992162407e-07,-2.30257371374054e-06,-2.31871761620403e-06,2.31046056073987e-06
424,-1.9192561959162e-06,-2.45260870744875e-06,2.4954560569072e-06,-3.35193781682253e-07,1.82100659540022e-07,-2.33131694464211e-07,-2.25444997759845e-06,-2.27050804790872e-06,2.26232436244299e-06
425,-1.87224328243769e-06,-2.40570915623016e-06,2.44842197584829e-06,-3.3498214004265e-07,1.82512110097869e-07,-2.33335447617847e-07,-2.20722542248034e-06,-2.22319704613229e-06,2.21508652823045e-06
426,-1.82611530060943e-06,-2.3596921573621e-06,2.40227032613787e-06,-3.34769733091889e-07,1.82922527658127e-07,-2.33538257002729e-07,-2.16088503370132e-06,-2.17676962970397e-06,2.16873206913514e-06
427,-1.78085744443049e-06,-2.31454294951376e-06,2.35698633605925e-06,-3.3455656047652e-07,1.83331921107497e-07,-2.33740128425506e-07,-2.11541400490701e-06,-2.13121102840627e-06,2.12324620763375e-06
428,-1.7364551154248e-06,-2.27024698254563e-06,2.31255544576676e-06,-3.34342619581341e-07,1.83740297915813e-07,-2.33941065994334e-07,-2.07079773500614e-06,-2.08650668462981e-06,2.07861437977243e-06
429,-1.69289392264114e-06,-2.22678991750945e-06,2.26896330728574e-06,-3.34127910135272e-07,1.84147666617108e-07,-2.34141075308206e-07,-2.02702183277641e-06,-2.04264225089234e-06,2.03482223197754e-06
430,-1.65015968265315e-06,-2.18415762664826e-06,2.22619578451255e-06,-3.33912431144568e-07,1.84554035157442e-07,-2.3434016133325e-07,-1.98407211379772e-06,-1.99960359149082e-06,1.9918556231793e-06
431,-1.60823841808983e-06,-2.14233619183745e-06,2.1842389516367e-06,-3.33696181662656e-07,1.84959411310347e-07,-2.34538328936294e-07,-1.94193459975249e-06,-1.9573767805271e-06,1.94970062270041e-06
432,-1.56711635407845e-06,-2.10131188625494e-06,2.14307907314608e-06,-3.33479160786597e-07,1.85363802684121e-07,-2.34735582888558e-07,-1.90059551486505e-06,-1.91594808357082e-06,1.90834349025752e-06
433,-1.52677997805321e-06,-2.06107121877307e-06,2.10270264691382e-06,-3.33261367704889e-07,1.85767216675022e-07,-2.3493192785038e-07,-1.8600413457581e-06,-1.87530400209804e-06,1.86777071906344e-06
434,-1.48721597826616e-06,-2.02160089939776e-06,2.06309637231215e-06,-3.33042802415962e-07,1.86169660938292e-07,-2.35127368924731e-07,-1.82025878068213e-06,-1.83543123845947e-06,1.82796900338741e-06
435,-1.44841122600059e-06,-1.98288782516582e-06,2.02424713641539e-06,-3.3282346265926e-07,1.86571141722158e-07,-2.35321909523576e-07,-1.78123468865985e-06,-1.79631668344366e-06,1.78892522689182e-06
436,-1.41035277557103e-06,-1.94491908014487e-06,1.98614201399998e-06,-3.32603348505492e-07,1.86971666390343e-07,-2.35515554579634e-07,-1.74295612407652e-06,-1.75794741375453e-06,1.75062645942035e-06
437,-1.37302786432323e-06,-1.90768193543341e-06,1.94876826754443e-06,-3.32382459299763e-07,1.87371241742222e-07,-2.35708308407523e-07,-1.70541032362299e-06,-1.72031069369118e-06,1.71305995913691e-06
438,-1.3364239126342e-06,-1.87116384916076e-06,1.91211334722938e-06,-3.3216079442898e-07,1.87769874433396e-07,-2.35900175239946e-07,-1.66858470706318e-06,-1.68339397472736e-06,1.67621317198943e-06
439,-1.30052852391217e-06,-1.83535246648711e-06,1.87616489093754e-06,-3.31938353321521e-07,1.88167570974821e-07,-2.36091159227001e-07,-1.63246687723369e-06,-1.64718489551229e-06,1.64007373171054e-06
440,-1.26532948459661e-06,-1.8002356196035e-06,1.84091072425374e-06,-3.31715135451143e-07,1.88564337734317e-07,-2.36281264438484e-07,-1.59704462004776e-06,-1.61167128186918e-06,1.60462945981526e-06
441,-1.23081476415823e-06,-1.76580132773182e-06,1.80633886046491e-06,-3.31491140339757e-07,1.88960180937459e-07,-2.36470494865417e-07,-1.56230590449799e-06,-1.57684114679436e-06,1.5698683655995e-06
442,-1.1969725066115e-06,-1.73203778297526e-06,1.77243748574629e-06,-3.3126636831109e-07,1.89355107104176e-07,-2.36658854962328e-07,-1.52823887492259e-06,-1.54268267587108e-06,1.53577863078396e-06
443,-1.16379107916834e-06,-1.69893337076227e-06,1.73919497694358e-06,-3.31040817479425e-07,1.89749121305762e-07,-2.36846347481507e-07,-1.49483189664776e-06,-1.5091842494565e-06,1.50234862946208e-06
444,-1.13125905477537e-06,-1.66647667412938e-06,1.70659990813132e-06,-3.30814488309865e-07,1.90142229743744e-07,-2.3703297671234e-07,-1.46207354308523e-06,-1.47633444438564e-06,1.46956693141898e-06
445,-1.09936516614923e-06,-1.63465644019286e-06,1.67464101811656e-06,-3.30587380540168e-07,1.90534438073698e-07,-2.37218746337797e-07,-1.4299525466894e-06,-1.44412200211917e-06,1.43742227177876e-06
446,-1.06809830559962e-06,-1.6034615799857e-06,1.64330721027628e-06,-3.30359493944344e-07,1.90925751833519e-07,-2.37403659974477e-07,-1.39845779954397e-06,-1.41253582815218e-06,1.4059035503018e-06
447,-1.03744752502926e-06,-1.57288116845764e-06,1.61258755255735e-06,-3.30130828334192e-07,1.91316176443731e-07,-2.3758772117333e-07,-1.36757835336345e-06,-1.3815649920139e-06,1.37499983138402e-06
448,-1.00740203593389e-06,-1.54290444447516e-06,1.58247127747655e-06,-3.29901383560617e-07,1.91705717207675e-07,-2.37770933420218e-07,-1.33730341949451e-06,-1.35119872726748e-06,1.34470034405633e-06
449,-9.77951209402333e-07,-1.5135208108215e-06,1.55294778212054e-06,-3.29671160275259e-07,1.92094379747961e-07,-2.37953300680759e-07,-1.30762236967759e-06,-1.32142643107354e-06,1.31499448143978e-06
450,-9.49084576116408e-07,-1.48471983419665e-06,1.52400662814589e-06,-3.29440156893162e-07,1.92482168264337e-07,-2.3813482522647e-07,-1.27852473300957e-06,-1.29223766593232e-06,1.28587180291942e-06
451,-9.20791826350995e-07,-1.45649124521733e-06,1.49563754177909e-06,-3.29208374151935e-07,1.9286908814558e-07,-2.38315510895736e-07,-1.25000020050293e-06,-1.26362215707175e-06,1.25732203088335e-06
452,-8.93062808519884e-07,-1.42882493685374e-06,1.46783041223083e-06,-3.28975812073722e-07,1.93255144231125e-07,-2.38495360922228e-07,-1.22203862059361e-06,-1.23556979262262e-06,1.22933505130861e-06
453,-8.65887529029681e-07,-1.40171094742083e-06,1.44057527295448e-06,-3.28742470723874e-07,1.93640341252633e-07,-2.38674378482171e-07,-1.19462999975356e-06,-1.2080706061682e-06,1.20190089447231e-06
454,-8.39256211910411e-07,-1.37513950321638e-06,1.41386234304575e-06,-3.28508350250634e-07,1.94024683795115e-07,-2.38852566681654e-07,-1.16776456216104e-06,-1.18111481942127e-06,1.17500977636409e-06
455,-8.13159235726285e-07,-1.34910098568266e-06,1.38768199708484e-06,-3.28273450844173e-07,1.94408176335955e-07,-2.39029928568989e-07,-1.14143268657046e-06,-1.15469280934671e-06,1.14865206851585e-06
456,-7.87587116594475e-07,-1.32358591845632e-06,1.36202475247469e-06,-3.28037772728657e-07,1.94790823258376e-07,-2.39206467141046e-07,-1.11562488932313e-06,-1.12879509519795e-06,1.12281828533364e-06
457,-7.6253050818511e-07,-1.29858496736839e-06,1.33688126944091e-06,-3.278013169202e-07,1.95172629295368e-07,-2.39382185891858e-07,-1.09033182510531e-06,-1.10341233807303e-06,1.09749908354905e-06
458,-7.37980201721278e-07,-1.27408894044429e-06,1.31224235103182e-06,-3.27564082201077e-07,1.9555359775642e-07,-2.39557086621841e-07,-1.06554428392235e-06,-1.07853534268787e-06,1.07268526440998e-06
459,-7.13927125979028e-07,-1.25008878790383e-06,1.28809894311846e-06,-3.2732606965888e-07,1.95933733184805e-07,-2.39731172722375e-07,-1.04125319563791e-06,-1.05415505471902e-06,1.04836777039608e-06
460,-6.90362347287367e-07,-1.22657560216117e-06,1.26444213439453e-06,-3.27087279665238e-07,1.96313039589349e-07,-2.39904446989887e-07,-1.01744962695261e-06,-1.03026256257182e-06,1.02453768740464e-06
461,-6.67277069528261e-07,-1.2035406178249e-06,1.24126315637647e-06,-3.26847712628772e-07,1.96691520884261e-07,-2.40076912170057e-07,-9.94124782157033e-07,-1.00684909694064e-06,1.00118624420641e-06
462,-6.44662634136636e-07,-1.18097521169797e-06,1.21855338340339e-06,-3.26607368999426e-07,1.97069180891269e-07,-2.40248570960684e-07,-9.71270003136062e-07,-9.839060308067e-07,9.78304812442711e-07
463,-6.22510517937493e-07,-1.15887090031488e-06,1.19630433012581e-06,-3.26366249267734e-07,1.97446023341361e-07,-2.40419426012604e-07,-9.48876767205227e-07,-9.61424876973517e-07,9.55884904113203e-07
464,-6.00812339633926e-07,-1.13721932545368e-06,1.17450763500571e-06,-3.26124354718319e-07,1.97822052327464e-07,-2.40589480482645e-07,-9.26936694352245e-07,-9.39397273126213e-07,9.33918154523069e-07
465,-5.79559913224106e-07,-1.11601229485432e-06,1.15315510030516e-06,-3.25881684452711e-07,1.98197270474484e-07,-2.40758735821252e-07,-9.05441597676817e-07,-9.17815024379835e-07,9.1239636448391e-07
466,-5.58745182184181e-07,-1.09524174766526e-06,1.13223866009932e-06,-3.25638239869188e-07,1.98571681671779e-07,-2.40927195087424e-07,-8.84383422053369e-07,-8.96670065993482e-07,8.91311465011898e-07
467,-5.38360207135066e-07,-1.07489974513647e-06,1.11175037116399e-06,-3.25394021642062e-07,1.98945289284607e-07,-2.41094860749437e-07,-8.63754228777128e-07,-8.75954455851864e-07,8.70655510414551e-07
468,-5.18397165842445e-07,-1.05497847061944e-06,1.09168241297558e-06,-3.25149030478724e-07,1.99318096604788e-07,-2.41261735237633e-07,-8.43546196321169e-07,-8.55660374014656e-07,8.50420677737947e-07
469,-4.98848353216772e-07,-1.03547022956719e-06,1.07202708771115e-06,-3.24903267118345e-07,1.99690106849567e-07,-2.41427820943235e-07,-8.23751620335117e-07,-8.35780122717619e-07,8.30599266767912e-07
470,-4.79706181313266e-07,-1.01636744953422e-06,1.05277682024836e-06,-3.24656732332615e-07,2.00061323161714e-07,-2.41593120218651e-07,-8.04362913645881e-07,-8.1630612637251e-07,8.1118370002971e-07
471,-4.60963179331918e-07,-9.97662680176603e-07,1.03392415816552e-06,-3.24409426928821e-07,2.00431748611051e-07,-2.41757635379525e-07,-7.85372606260739e-07,-7.97230931565552e-07,7.92166522785994e-07
472,-4.42611993617486e-07,-9.79348593251885e-07,1.01546177174155e-06,-3.24161352496626e-07,2.00801386649634e-07,-2.41921369257116e-07,-7.66773346114113e-07,-7.78547206602251e-07,7.73540402484431e-07
473,-4.24645387659498e-07,-9.6141798261915e-07,9.97382453955991e-07,-3.23912508416309e-07,2.01170239287743e-07,-2.42084322985035e-07,-7.48557896075806e-07,-7.60247743331408e-07,7.55298130970956e-07
474,-4.07056241684639e-07,-9.43863763831351e-07,9.79679120077325e-07,-3.23662896350841e-07,2.01538309830444e-07,-2.42246499320986e-07,-7.3071913803548e-07,-7.42325454000907e-07,7.37432620756338e-07
475,-3.89837549452525e-07,-9.26678957110208e-07,9.62344789294942e-07,-3.23412517246211e-07,2.01905601061613e-07,-2.42407900436213e-07,-7.13250066698735e-07,-7.24773356048596e-07,7.19936888858729e-07
476,-3.72982479665161e-07,-9.09856721419993e-07,9.45372616858305e-07,-3.23161372117523e-07,2.02272115671017e-07,-2.42568528462265e-07,-6.96143851782685e-07,-7.07584605748976e-07,7.0280408839604e-07
477,-3.56484323726416e-07,-8.93390336143926e-07,9.28755878519629e-07,-3.22909462017446e-07,2.02637856275108e-07,-2.4272838549433e-07,-6.79393785743862e-07,-6.90752479868817e-07,6.860274930253e-07
478,-3.40336471562873e-07,-8.77273184451955e-07,9.12487954384512e-07,-3.22656788026572e-07,2.03002825433162e-07,-2.4288747359879e-07,-6.62993259589445e-07,-6.74270359018793e-07,6.69600480785722e-07
479,-3.24532411623834e-07,-8.61498753300763e-07,8.96562328911935e-07,-3.22403351997288e-07,2.03367026109038e-07,-2.43045795369014e-07,-6.46935763621122e-07,-6.58131727191725e-07,6.53516533542921e-07
480,-3.09065730881319e-07,-8.46060633433758e-07,8.80972590914263e-07,-3.22149153575784e-07,2.03730459822418e-07,-2.43203351700186e-07,-6.31214884457103e-07,-6.4233017361134e-07,6.37769239214076e-07
481,-2.93930114830065e-07,-8.30952519381082e-07,8.65712433557242e-07,-3.21894194671833e-07,2.04093129421226e-07,-2.43360145127514e-07,-6.15824309501898e-07,-6.26859389959856e-07,6.22352288429729e-07
482,-2.79119347487526e-07,-8.16168209459605e-07,8.50775654360006e-07,-3.2163847647955e-07,2.0445503723448e-07,-2.43516177601714e-07,-6.00757823967076e-07,-6.11713172225125e-07,6.07259476758292e-07
483,-2.64627311393873e-07,-8.01701605772926e-07,8.36156155195067e-07,-3.21382000222895e-07,2.04816185533895e-07,-2.43671451045249e-07,-5.86009311616768e-07,-5.96885420239031e-07,5.92484704149818e-07
484,-2.50447987611996e-07,-7.87546714211377e-07,8.21847942288323e-07,-3.21124767157219e-07,2.05176576534601e-07,-2.43825967353323e-07,-5.71572754769215e-07,-5.82370137676777e-07,5.78021974935e-07
485,-2.36575455727501e-07,-7.73697644452019e-07,8.07845126219056e-07,-3.20866778568755e-07,2.05536212394578e-07,-2.43979728393335e-07,-5.57442234296256e-07,-5.68161432057441e-07,5.63865397825721e-07
486,-2.23003890072322e-07,-7.60148604310555e-07,7.94141916056861e-07,-3.20608036513369e-07,2.05895095686404e-07,-2.44132736565624e-07,-5.43611926585691e-07,-5.54253508624151e-07,5.50009179491237e-07
487,-2.09727586992082e-07,-7.46893894475996e-07,7.80732611456614e-07,-3.20348540865462e-07,2.0625322752128e-07,-2.44284992569124e-07,-5.30076127857544e-07,-5.40640666954716e-07,5.3644761888749e-07
488,-1.96740988908905e-07,-7.33927937563721e-07,7.67611632527187e-07,-3.20088293777329e-07,2.06610610339246e-07,-2.44436498747961e-07,-5.16829282686234e-07,-5.27317327224474e-07,5.23175133779226e-07
489,-1.8403862380682e-07,-7.21245246387844e-07,7.54773490067077e-07,-3.19827296685572e-07,2.06967246067317e-07,-2.44587256865678e-07,-5.03865920492393e-07,-5.14278000320528e-07,5.10186233201399e-07
490,-1.7161510143106e-07,-7.08840421093164e-07,7.42212782738108e-07,-3.1956555104842e-07,2.07323136587734e-07,-2.4473726866318e-07,-4.9118065247948e-07,-5.01517284505429e-07,4.97475514074928e-07
491,-1.5946511328806e-07,-6.96708149155159e-07,7.29924197065435e-07,-3.19303058348055e-07,2.07678283739246e-07,-2.4488653586036e-07,-4.78768171636115e-07,-4.89029865415912e-07,4.85037661205075e-07
492,-1.4758343264546e-07,-6.84843205379993e-07,7.1790250743754e-07,-3.19039820091997e-07,2.08032689317789e-07,-2.45035060157014e-07,-4.66623252737456e-07,-4.76810516062204e-07,4.72867447280526e-07
493,-1.35964914532102e-07,-6.73240451904514e-07,7.06142576106236e-07,-3.18775837810221e-07,2.08386355074449e-07,-2.45182843230524e-07,-4.54740752342322e-07,-4.64854096830065e-07,4.60959732875712e-07
494,-1.24604495738032e-07,-6.6189483819625e-07,6.94639353186664e-07,-3.18511113794932e-07,2.08739283192612e-07,-2.45329887300552e-07,-4.43115609532963e-07,-4.53155555003637e-07,4.49309465886112e-07
495,-1.13497194814499e-07,-6.50801401053414e-07,6.83387876657293e-07,-3.18245648154367e-07,2.09091474387833e-07,-2.45476192880211e-07,-4.31742842968866e-07,-4.41709926665581e-07,4.37911683777083e-07
496,-1.02638112073956e-07,-6.39955264604902e-07,6.72383272359924e-07,-3.17979443232962e-07,2.09442930756343e-07,-2.45621762148467e-07,-4.20617555306918e-07,-4.3051233384856e-07,4.26761510211457e-07
497,-9.20224295900594e-08,-6.29351640310293e-07,6.61620753999684e-07,-3.17712500664124e-07,2.09793653876645e-07,-2.45766596702125e-07,-4.09734930254183e-07,-4.19557986433648e-07,4.15854157297559e-07
498,-8.16454073822453e-08,-6.18985819540613e-07,6.5109561535622e-07,-3.17444822105584e-07,2.10143645288269e-07,-2.45910698120116e-07,-3.9909022948783e-07,-4.08842174252344e-07,4.05184917236104e-07
499,-7.15024208240692e-08,-6.08853173151216e-07,6.40803227065252e-07,-3.17176409253356e-07,2.10492906484248e-07,-2.46054067963131e-07,-3.88678830077425e-07,-3.98360266666968e-07,3.9474915910212e-07
500,-6.15889663056195e-08,-5.9894917278333e-07,6.30739059462584e-07,-3.16907263848843e-07,2.10841438903046e-07,-2.46196707770617e-07,-3.78496230154462e-07,-3.88107733880284e-07,3.84542351691967e-07
501,-5.19006086832348e-08,-5.89269364037758e-07,6.2089865732962e-07,-3.16637388382959e-07,2.11189244429326e-07,-2.46338619629318e-07,-3.68537997066194e-07,-3.78080119608431e-07,3.74560037700302e-07
502,-4.24329796929735e-08,-5.79809365265287e-07,6.11277638695423e-07,-3.16366783171363e-07,2.1153632347561e-07,-2.46479803919469e-07,-3.58799762864337e-07,-3.68273041789677e-07,3.64797834775954e-07
503,-3.31817779506119e-08,-5.70564867566693e-07,6.0187169483672e-07,-3.16095450744484e-07,2.11882677861523e-07,-2.4662026269763e-07,-3.49277228695096e-07,-3.5868218970517e-07,3.5525143213909e-07
504,-2.41427689516462e-08,-5.61531634792738e-07,5.92676590277899e-07,-3.15823392920073e-07,2.1222830889475e-07,-2.46759997441507e-07,-3.39966161871719e-07,-3.49303325897988e-07,3.45916592836392e-07
505,-1.53117850712908e-08,-5.52705503544172e-07,5.83688162791012e-07,-3.1555061153679e-07,2.12573217851448e-07,-2.46899009614759e-07,-3.30862396608081e-07,-3.40132285692724e-07,3.36789153176253e-07
506,-6.68472556447948e-09,-5.44082383171731e-07,5.74902323395772e-07,-3.15277108452336e-07,2.12917405974868e-07,-2.47037300665453e-07,-3.21961834016816e-07,-3.31164977196863e-07,3.27865022730319e-07
507,1.74244343413523e-09,-5.35658255776139e-07,5.66315056359555e-07,-3.15002885545599e-07,2.13260874476639e-07,-2.47174872027638e-07,-3.13260442111464e-07,-3.223973812995e-07,3.19140184331917e-07
508,9.9736889101817e-09,-5.27429176208105e-07,5.57922419197398e-07,-3.14727944717856e-07,2.13603624537429e-07,-2.47311725122185e-07,-3.04754255807674e-07,-3.13825551670676e-07,3.10610694075213e-07
509,1.80129109695696e-08,-5.19391272068329e-07,5.49720542672002e-07,-3.14452288616267e-07,2.13945657791497e-07,-2.47447861920986e-07,-2.96439377646697e-07,-3.05445614276832e-07,3.02272680751016e-07
510,2.58639450484351e-08,-5.11540740461301e-07,5.41705627422877e-07,-3.14175917729484e-07,2.1428697438472e-07,-2.47583282684178e-07,-2.88311972681049e-07,-2.97253766076581e-07,2.94122344738699e-07
511,3.35305407418803e-08,-5.03873836425692e-07,5.3387392997635e-07,-3.13898834752487e-07,2.1462757589241e-07,-2.47717989360293e-07,-2.80368294010607e-07,-2.89246260533282e-07,2.86155940616056e-07
512,4.10163286107014e-08,-4.96386900595641e-07,5.26221790573464e-07,-3.13621041695607e-07,2.14967463358952e-07,-2.478519833157e-07,-2.72604713084906e-07,-2.81419437236689e-07,2.78369807257764e-07
513,4.83248793098613e-08,-4.89076337496996e-07,5.18745613722299e-07,-3.13342540587378e-07,2.15306637803506e-07,-2.47985265906016e-07,-2.65017661277517e-07,-2.73769699693491e-07,2.70760347816284e-07
514,5.54597096480162e-08,-4.81938611667573e-07,5.11441864405124e-07,-3.13063333470584e-07,2.15645100221773e-07,-2.4811783847597e-07,-2.57603623822568e-07,-2.66293511445801e-07,2.63324025929154e-07
515,6.24242825875151e-08,-4.74970247657152e-07,5.04307068078395e-07,-3.12783422403086e-07,2.15982851586447e-07,-2.48249702359979e-07,-2.50359139815571e-07,-2.58987396070706e-07,2.56057365718416e-07
516,6.92220072444007e-08,-4.6816783002748e-07,4.97337810672755e-07,-3.12502810180687e-07,2.16319893339759e-07,-2.48380859451463e-07,-2.43280802936286e-07,-2.51847936687721e-07,2.48956951221292e-07
517,7.58562388884082e-08,-4.61528003352267e-07,4.90530738593038e-07,-3.12221497447994e-07,2.16656225425522e-07,-2.48511309927835e-07,-2.36365258559586e-07,-2.44871777926745e-07,2.42019428665203e-07
518,8.23302789429665e-08,-4.55047472217191e-07,4.83882558718265e-07,-3.11939487032474e-07,2.16991849239231e-07,-2.48641055661911e-07,-2.29609208089507e-07,-2.38055622977961e-07,2.35241503056354e-07
519,8.86473749851972e-08,-4.48723001219896e-07,4.77390038401645e-07,-3.11656781055845e-07,2.17326765662883e-07,-2.48770097948932e-07,-2.23009406070648e-07,-2.31396235557012e-07,2.28619940452713e-07
520,9.48107207459155e-08,-4.42551414969989e-07,4.71050005470577e-07,-3.11373381655641e-07,2.17660975555451e-07,-2.48898438074055e-07,-2.16562660909726e-07,-2.24890439414539e-07,2.22151567396522e-07
521,1.00823456109629e-07,-4.36529598089045e-07,4.64859348226645e-07,-3.11089290986312e-07,2.17994479753526e-07,-2.49026077313159e-07,-2.10265834876682e-07,-2.18535118335519e-07,2.15833270913487e-07
522,1.0668866711454e-07,-4.30654495210605e-07,4.58815015445626e-07,-3.10804511219271e-07,2.18327279071275e-07,-2.49153016932825e-07,-2.04115844104731e-07,-2.1232721613933e-07,2.09661998512801e-07
523,1.1240938758748e-07,-4.24923101464449e-07,4.52914006178441e-07,-3.10519045256957e-07,2.18659374800987e-07,-2.49279258762059e-07,-1.98109657669477e-07,-2.06263726663463e-07,2.03634747416381e-07
524,1.17988551328537e-07,-4.19332465476202e-07,4.47153370064422e-07,-3.10232893883371e-07,2.18990766719718e-07,-2.49404802913567e-07,-1.92244342554834e-07,-2.00341698756484e-07,1.97748567150855e-07
525,1.23429011892967e-07,-4.13879701340644e-07,4.41530221627288e-07,-3.09946060058598e-07,2.19321456064864e-07,-2.49529651198973e-07,-1.86517048165632e-07,-1.94558245275779e-07,1.92000570428315e-07
526,1.28733580053933e-07,-4.08561972347842e-07,4.36041725012959e-07,-3.09658546038188e-07,2.19651443563218e-07,-2.49653804854655e-07,-1.80924965984255e-07,-1.88910528784624e-07,1.86387920158304e-07
527,1.33905023997982e-07,-4.0337649083248e-07,4.30685093838641e-07,-3.09370354088036e-07,2.19980729925446e-07,-2.49777265109691e-07,-1.75465330090055e-07,-1.83395760907033e-07,1.8090782872895e-07
528,1.38946069325032e-07,-3.98320518173852e-07,4.25457591192826e-07,-3.09081486485511e-07,2.20309315846796e-07,-2.499000331867e-07,-1.70135417160479e-07,-1.78011202327056e-07,1.75557558006126e-07
529,1.43859399048382e-07,-3.93391364795868e-07,4.20356529635293e-07,-3.08791945520513e-07,2.2063720200776e-07,-2.50022110302645e-07,-1.64932546472131e-07,-1.72754162788108e-07,1.70334419332648e-07
530,1.48647653594707e-07,-3.88586390167048e-07,4.15379271197106e-07,-3.08501733493184e-07,2.20964389072389e-07,-2.5014349766694e-07,-1.59854079898477e-07,-1.67622001094659e-07,1.65235773530166e-07
531,1.5331343080406e-07,-3.8390300280053e-07,4.10523227380616e-07,-3.08210853427776e-07,2.21290878192822e-07,-2.50264197055762e-07,-1.54897422623716e-07,-1.62612124607707e-07,1.60259030324855e-07
532,1.5785928592987e-07,-3.79338660254059e-07,4.05785859159462e-07,-3.07919306227439e-07,2.21616668999228e-07,-2.50384208523606e-07,-1.50060020297569e-07,-1.57721991254831e-07,1.55401650635856e-07
533,1.62287731638944e-07,-3.7489086913e-07,4.01164676978567e-07,-3.0762709494131e-07,2.21941762612387e-07,-2.50503533834039e-07,-1.45339363302366e-07,-1.52949106517612e-07,1.50661143144528e-07
534,1.66601238011467e-07,-3.70557185075326e-07,3.96657240754141e-07,-3.07334221918613e-07,2.22266159635564e-07,-2.50622174172311e-07,-1.40732983907147e-07,-1.48291025439762e-07,1.4603506658183e-07
535,1.70802232540998e-07,-3.66335212781626e-07,3.92261159873681e-07,-3.07040689523549e-07,2.22589860658581e-07,-2.50740130719705e-07,-1.3623845698255e-07,-1.43745352123045e-07,1.41521029153976e-07
536,1.74893100380753e-07,-3.622225967556e-07,3.87974083234314e-07,-3.06746500129037e-07,2.22912866258171e-07,-2.50857404651682e-07,-1.31853399748284e-07,-1.39309730497429e-07,1.37116678582631e-07
537,1.78876136471539e-07,-3.58217021379066e-07,3.83793696704858e-07,-3.06451656134204e-07,2.2323517699459e-07,-2.50973997141455e-07,-1.27575519662665e-07,-1.34981844384476e-07,1.32819699563403e-07
538,1.82753568554551e-07,-3.54316223213287e-07,3.79717737811972e-07,-3.06156160664012e-07,2.23556793916599e-07,-2.51089909929851e-07,-1.23402592109462e-07,-1.30759429296688e-07,1.28627827882121e-07
539,1.86527591247505e-07,-3.50517978655866e-07,3.75743984310155e-07,-3.05860014735222e-07,2.23877716543348e-07,-2.51205143035226e-07,-1.19332423487717e-07,-1.26640262112518e-07,1.2453884127493e-07
540,1.90200366171354e-07,-3.46820103846544e-07,3.71870254086961e-07,-3.05563221489058e-07,2.2419794590356e-07,-2.51319698190467e-07,-1.15362855317704e-07,-1.22622157942984e-07,1.20550555896494e-07
541,1.93774021950282e-07,-3.43220454667198e-07,3.68094405163004e-07,-3.05265783368525e-07,2.24517482509934e-07,-2.51433576551711e-07,-1.11491761418243e-07,-1.18702972157264e-07,1.16660828611293e-07
542,1.97250654211709e-07,-3.39716926741841e-07,3.64414335691955e-07,-3.04967702825153e-07,2.24836326865941e-07,-2.5154677927178e-07,-1.07717048613444e-07,-1.148805998759e-07,1.12867556420175e-07
543,2.00632325586289e-07,-3.36307455436625e-07,3.60827983960544e-07,-3.04668982319438e-07,2.25154479466094e-07,-2.51659307500515e-07,-1.04036656733149e-07,-1.11152975970531e-07,1.09168676460028e-07
544,2.03921065707909e-07,-3.32990015859837e-07,3.57333328388559e-07,-3.04369624318788e-07,2.25471940794398e-07,-2.51771162383057e-07,-1.00448558610878e-07,-1.07518075065438e-07,1.05562166005502e-07
545,2.07118871213692e-07,-3.297626228619e-07,3.53928387528846e-07,-3.04069631300592e-07,2.25788711326537e-07,-2.51882345062323e-07,-9.69507600868992e-08,-1.03973911535363e-07,1.02046042466523e-07
546,2.10227705743994e-07,-3.26623331035377e-07,3.5061122006731e-07,-3.03769006448659e-07,2.26104792040154e-07,-2.51992857251346e-07,-9.35413007046643e-08,-1.00518538995222e-07,9.86183628159645e-08
547,2.13249499942405e-07,-3.23570234714964e-07,3.47379924822913e-07,-3.03467750858981e-07,2.26420182368489e-07,-2.52102698937615e-07,-9.02182509165759e-08,-9.71500523464758e-08,9.52772258852984e-08
548,2.1618615145575e-07,-3.20601467977498e-07,3.44232640747676e-07,-3.03165867734482e-07,2.26734883270456e-07,-2.52211871828048e-07,-8.6979716278732e-08,-9.38665847070421e-08,9.20207689196275e-08
549,2.19039526004068e-07,-3.17715201838572e-07,3.41167543948891e-07,-3.02863359586424e-07,2.27048895185291e-07,-2.52320377052558e-07,-8.38238335823557e-08,-9.06663066532811e-08,8.88471668963334e-08
550,2.2181142935391e-07,-3.14909629945112e-07,3.38182830918985e-07,-3.02560228938266e-07,2.27362218545947e-07,-2.52428215740931e-07,-8.07487995843554e-08,-8.75474113991651e-08,8.57546151780546e-08
551,2.24503587939461e-07,-3.12182986487059e-07,3.35276737084117e-07,-3.02256478337287e-07,2.27674853773151e-07,-2.52535389022745e-07,-7.7752890397826e-08,-8.45081327139082e-08,8.27413480613722e-08
552,2.27117699392932e-07,-3.09533539412458e-07,3.3244753194151e-07,-3.01952110334859e-07,2.27986801279972e-07,-2.52641898023839e-07,-7.48344109419275e-08,-8.15467381324853e-08,7.98056339176711e-08
553,2.29655436397215e-07,-3.06959588643196e-07,3.29693517316881e-07,-3.01647128181007e-07,2.2829806199136e-07,-2.52747744444184e-07,-7.19916917837923e-08,-7.86615266518353e-08,7.6945772872697e-08
554,2.32118446685885e-07,-3.04459466075001e-07,3.27013027364448e-07,-3.0134153305132e-07,2.28608635279193e-07,-2.52852928256899e-07,-6.92230863654353e-08,-7.58508307958079e-08,7.4160099107549e-08
555,2.34508353043199e-07,-3.02031535577445e-07,3.24404428566921e-07,-3.01035328206939e-07,2.28918522058031e-07,-2.52957451158734e-07,-6.65269751637395e-08,-7.31130135194139e-08,7.14469774081864e-08
556,2.36826753304096e-07,-2.9967419299394e-07,3.21866119735509e-07,-3.00728516219923e-07,2.29227722721463e-07,-2.53061314269437e-07,-6.3901762915827e-08,-7.04464702724764e-08,6.88048054660715e-08
557,2.39075220354196e-07,-2.97385866141738e-07,3.19396532009918e-07,-3.00421099667807e-07,2.29536237658331e-07,-2.53164518707414e-07,-6.13458793136108e-08,-6.78496284834075e-08,6.62320133025037e-08
558,2.41255302129801e-07,-2.95165014811937e-07,3.16994128858349e-07,-3.00113081133157e-07,2.29844067252362e-07,-2.53267065589338e-07,-5.88577790033562e-08,-6.53209475595753e-08,6.37270632690105e-08
559,2.43368521617895e-07,-2.93010130769474e-07,3.146574060775e-07,-2.9980446320481e-07,2.3015121188306e-07,-2.53368956031157e-07,-5.64359415869146e-08,-6.28589188864132e-08,6.12884500463426e-08
560,2.45416376856144e-07,-2.90919737753127e-07,3.12384891792567e-07,-2.99495248475622e-07,2.30457671923977e-07,-2.53470191146192e-07,-5.40788716194775e-08,-6.04620658291498e-08,5.8914700646375e-08
561,2.47400340932897e-07,-2.88892391475518e-07,3.10175146457241e-07,-2.99185440231221e-07,2.30763448265615e-07,-2.53570772623319e-07,-5.1785099298324e-08,-5.8128943209903e-08,5.6604373833922e-08
562,2.49321861987182e-07,-2.86926679623109e-07,3.08026762853709e-07,-2.98875039703785e-07,2.31068540231471e-07,-2.53670700422262e-07,-4.95531777166034e-08,-5.58581393916385e-08,5.4356062431447e-08
563,2.51182362504119e-07,-2.85021216116153e-07,3.05938359857747e-07,-2.98564050189591e-07,2.31372948703388e-07,-2.53769976229677e-07,-4.73816876854724e-08,-5.36482674127645e-08,5.21683836280705e-08
564,2.52983197647983e-07,-2.83174628837445e-07,3.03908567614874e-07,-2.98252474310979e-07,2.3167667404115e-07,-2.53868601159531e-07,-4.52692766629961e-08,-5.14979547962953e-08,5.00399664553428e-08
565,2.54725666598995e-07,-2.81385576279506e-07,3.01936046120305e-07,-2.97940314703117e-07,2.31979716597951e-07,-2.53966576325678e-07,-4.32146481041218e-08,-4.94058596815553e-08,4.79694697946267e-08
566,2.56411049605815e-07,-2.79652742861471e-07,3.0001948161615e-07,-2.97627574003443e-07,2.32282076725014e-07,-2.54063902841412e-07,-4.12165243976274e-08,-4.73706661364568e-08,4.5955578774738e-08
567,2.58040608618152e-07,-2.77974838595034e-07,2.98157586254619e-07,-2.97314254852423e-07,2.32583754772488e-07,-2.5416058182032e-07,-3.92736462342712e-08,-4.53910838225467e-08,4.39970044342988e-08
568,2.59615587286764e-07,-2.76350599084446e-07,2.96349098098019e-07,-2.97000360571739e-07,2.32884751612887e-07,-2.54256614951307e-07,-3.73847732849752e-08,-4.34658474715581e-08,4.20924831467118e-08
569,2.6113721096346e-07,-2.74778785526512e-07,2.94592781118756e-07,-2.9668589244628e-07,2.33185066544324e-07,-2.54352002194743e-07,-3.55486814828197e-08,-4.15937189821882e-08,4.02407789240132e-08
570,2.626066867011e-07,-2.73258184710599e-07,2.92887425199335e-07,-2.96370853803586e-07,2.33484700435616e-07,-2.5444674523902e-07,-3.3764167102486e-08,-3.97734842749823e-08,3.84406799603152e-08
571,2.64025203253591e-07,-2.71787609018626e-07,2.91231846132359e-07,-2.96055247293973e-07,2.33783653630539e-07,-2.5454084519676e-07,-3.20300440403818e-08,-3.80039553880864e-08,3.66910009355986e-08
572,2.65393931075892e-07,-2.70365896425072e-07,2.8962488562053e-07,-2.95739075569704e-07,2.340819264708e-07,-2.54634303179857e-07,-3.03451444938119e-08,-3.62839699542722e-08,3.4990582440673e-08
573,2.66714022324012e-07,-2.68991910496972e-07,2.88065411276647e-07,-2.95422341285918e-07,2.34379519296724e-07,-2.54727120300239e-07,-2.87083189619066e-08,-3.46123912002487e-08,3.33382909764082e-08
574,2.67986610855007e-07,-2.67664540393919e-07,2.8655231662361e-07,-2.95105047100448e-07,2.34676432447089e-07,-2.54819297669703e-07,-2.71184362454405e-08,-3.29881079468301e-08,3.17330189539069e-08
575,2.69212812226987e-07,-2.66382700868061e-07,2.85084521094415e-07,-2.94787196346988e-07,2.3497266678728e-07,-2.54910836976404e-07,-2.55743841200012e-08,-3.14100340807809e-08,3.01736841180111e-08
576,2.70393723699109e-07,-2.65145332264105e-07,2.83660970032158e-07,-2.94468790341587e-07,2.35268221597104e-07,-2.55001738178895e-07,-2.40750666424781e-08,-2.98771106670005e-08,2.8659231853263e-08
577,2.71530423867392e-07,-2.63951397173069e-07,2.82280631048237e-07,-2.94149832424389e-07,2.35563097739862e-07,-2.55092002966093e-07,-2.2619408556997e-08,-2.83882994332067e-08,2.7188628082144e-08
578,2.72623936926654e-07,-2.62799862933181e-07,2.80942474103676e-07,-2.93830325268025e-07,2.35857295553997e-07,-2.55181632454502e-07,-2.12063883413703e-08,-2.69425673791835e-08,2.57608416491745e-08
579,2.73675230983738e-07,-2.6168971624209e-07,2.79645487479007e-07,-2.93510271554388e-07,2.36150815375699e-07,-2.55270627762214e-07,-1.98350405706499e-08,-2.55389008663917e-08,2.43748597167934e-08
580,2.74685259543789e-07,-2.60619964812978e-07,2.78388680751547e-07,-2.93189673967186e-07,2.36443657542621e-07,-2.553589900089e-07,-1.85044144233973e-08,-2.41763072703569e-08,2.30296907426468e-08
581,2.75654963220037e-07,-2.59589636798288e-07,2.77171084216969e-07,-2.92868535189482e-07,2.36735822392624e-07,-2.55446720314156e-07,-1.72135719694451e-08,-2.28538144056642e-08,2.1724363902813e-08
582,2.76585269733805e-07,-2.58597780789737e-07,2.75991748889304e-07,-2.92546857904706e-07,2.37027310264547e-07,-2.55533819798349e-07,-1.59615881709015e-08,-2.15704705251897e-08,2.04579290909546e-08
583,2.77477093914499e-07,-2.57643465818302e-07,2.74849746500939e-07,-2.92224645462086e-07,2.37318122030109e-07,-2.55620290159036e-07,-1.47475515475868e-08,-2.03253437881929e-08,1.92294563419025e-08
584,2.78331337699617e-07,-2.56725781354231e-07,2.73744169502617e-07,-2.91901899213224e-07,2.37608256966044e-07,-2.55706131364574e-07,-1.35705615136071e-08,-1.91175243881868e-08,1.80380381380434e-08
585,2.79148890134742e-07,-2.55843837307038e-07,2.72674131063439e-07,-2.91578622509206e-07,2.37897715945561e-07,-2.5579134511413e-07,-1.24297323744639e-08,-1.79461213614765e-08,1.68827859493095e-08
586,2.79930627373547e-07,-2.54996764025503e-07,2.71638765070862e-07,-2.91254818034526e-07,2.3818649931083e-07,-2.55875932530648e-07,-1.13241906609784e-08,-1.68102647146734e-08,1.57628325402141e-08
587,2.80677412677792e-07,-2.54183712297674e-07,2.70637226130698e-07,-2.90930488473149e-07,2.38474607404148e-07,-2.55959894736983e-07,-1.02530757953566e-08,-1.57091048935261e-08,1.46773313937157e-08
588,2.81390096417325e-07,-2.53403853350866e-07,2.69668689567118e-07,-2.90605636511291e-07,2.38762040570157e-07,-2.56043232858299e-07,-9.21554009396517e-09,-1.46418127807092e-08,1.36254567088192e-08
589,2.82069516070083e-07,-2.52656378851659e-07,2.68732351422648e-07,-2.90280264834316e-07,2.39048799153318e-07,-2.56125948019361e-07,-8.21074876423347e-09,-1.36075796983404e-08,1.26064034032869e-08
590,2.82716496222088e-07,-2.51940500905901e-07,2.6782742845817e-07,-2.89954376786406e-07,2.39334884033832e-07,-2.56208041921694e-07,-7.23788056431785e-09,-1.26056168720691e-08,1.16193865364761e-08
591,2.83331848630213e-07,-2.51255451986029e-07,2.66953158074217e-07,-2.89627973736074e-07,2.39620294488496e-07,-2.56289514539336e-07,-6.29612510586051e-09,-1.16351574975339e-08,1.06636435348808e-08
592,2.83916360696001e-07,-2.50600472184872e-07,2.6610878424182e-07,-2.89301059029515e-07,2.39905031402476e-07,-2.56370367577795e-07,-5.38469833351362e-09,-1.06954407823964e-08,9.73841666402518e-09
593,2.84470753925611e-07,-2.49974801186085e-07,2.65293548344535e-07,-2.8897363536099e-07,2.40189095131517e-07,-2.56450602172322e-07,-4.50288143537905e-09,-9.78570605456806e-09,8.8429461722134e-09
594,2.84995727340864e-07,-2.49377694987255e-07,2.64506708132739e-07,-2.88645705425517e-07,2.40472486032792e-07,-2.5653021945937e-07,-3.64997808465298e-09,-8.90520895446317e-09,7.97648867336903e-09
595,2.85491971395041e-07,-2.48808425938467e-07,2.63747537948293e-07,-2.88317271915838e-07,2.40755204465475e-07,-2.56609220575971e-07,-2.82530052079665e-09,-8.05322147299115e-09,7.13831737232226e-09
596,2.85960167972881e-07,-2.482662827423e-07,2.63015328724539e-07,-2.87988337524244e-07,2.4103725079222e-07,-2.56687606661322e-07,-2.02816955136249e-09,-7.22903195007956e-09,6.32772206321679e-09
597,2.86400990390585e-07,-2.47750570453831e-07,2.62309387986303e-07,-2.87658904940582e-07,2.41318625377492e-07,-2.56765378855018e-07,-1.25791454999649e-09,-6.43194507633911e-09,5.54400913128489e-09
598,2.86815103395812e-07,-2.47260610480633e-07,2.61629039849891e-07,-2.87328977504096e-07,2.4159932912701e-07,-2.56842538873952e-07,-5.13874108284288e-10,-5.66128135362286e-09,4.78650097593923e-09
599,2.87203163167679e-07,-2.46795740582776e-07,2.60973625023094e-07,-2.86998556598955e-07,2.41879361333488e-07,-2.56919086707989e-07,2.04606568724385e-10,-4.91637924928832e-09,4.0545383151054e-09
600,2.87565817316765e-07,-2.46355314872825e-07,2.60342500805183e-07,-2.86667645562024e-07,2.42158722906978e-07,-2.5699502407612e-07,8.98171754741664e-10,-4.19659196584681e-09,3.34747672906359e-09
601,2.87903704885108e-07,-2.45938703815843e-07,2.59735041086912e-07,-2.86336247077346e-07,2.42437414222237e-07,-2.57070352122862e-07,1.56745780776235e-09,-3.50128959360536e-09,2.66468896405024e-09
602,2.88217456346205e-07,-2.45545294229387e-07,2.59150636350518e-07,-2.8600436382704e-07,2.42715435656141e-07,-2.57145071993507e-07,2.21309251916466e-09,-2.82985857324648e-09,2.00556435701137e-09
603,2.88507693605011e-07,-2.45174489283513e-07,2.58588693669719e-07,-2.85671998490889e-07,2.42992787587319e-07,-2.57219184833735e-07,2.8356951141218e-09,-2.1817016961945e-09,1.36950883598465e-09
604,2.88775029997944e-07,-2.44825708500772e-07,2.58048636709717e-07,-2.85339153748921e-07,2.43269470398284e-07,-2.57292691791897e-07,3.43587624902256e-09,-1.55623810248806e-09,7.55944917819933e-10
605,2.89020070292877e-07,-2.44498387756212e-07,2.57529905727194e-07,-2.85005832921798e-07,2.43545485014031e-07,-2.57365594591543e-07,4.014237371079e-09,-9.52902742181767e-10,1.64311135650888e-10
606,2.89243410749437e-07,-2.44191978953343e-07,2.57031957210542e-07,-2.84672037397695e-07,2.43820830739287e-07,-2.57437893231884e-07,4.57137335174186e-09,-3.71148214056374e-10,-4.05936021341594e-10
607,2.8944561960799e-07,-2.43905933467724e-07,2.56554245716721e-07,-2.84337770495651e-07,2.44095508507996e-07,-2.57509589441895e-07,5.10784911233918e-09,1.89575040272443e-10,-9.55343725173994e-10
608,2.89627206490218e-07,-2.43639696364261e-07,2.56096217900783e-07,-2.84003034893929e-07,2.44369518721194e-07,-2.57580684381687e-07,5.62417159628934e-09,7.29822356933037e-10,-1.48446648090352e-09
609,2.89788667909456e-07,-2.43392725135636e-07,2.55657333023351e-07,-2.83667833267878e-07,2.44642861782468e-07,-2.57651179212102e-07,6.12083464157808e-09,1.25013664683137e-09,-1.9938461887504e-09
610,2.89930495205204e-07,-2.43164490445013e-07,2.55237063712372e-07,-2.83332168290943e-07,2.44915538099983e-07,-2.57721075096398e-07,6.59832691426114e-09,1.75104765497057e-09,-2.48401138402562e-09
611,2.90053174543122e-07,-2.42954476126038e-07,2.54834895963122e-07,-2.82996042632616e-07,2.45187548084735e-07,-2.57790373198402e-07,7.05713191050661e-09,2.23307195869705e-09,-2.95547723528e-09
612,2.90157186915033e-07,-2.42762179182843e-07,2.54450329138204e-07,-2.82659459595684e-07,2.45458892695138e-07,-2.57859075257988e-07,7.4977273193492e-09,2.69671351229525e-09,-3.40874611978359e-09
613,2.90243008138923e-07,-2.42587109790042e-07,2.54082875967548e-07,-2.82322420569856e-07,2.45729571261967e-07,-2.57927181292239e-07,7.92058756906701e-09,3.14246147192414e-09,-3.84430532469035e-09
614,2.90311108858937e-07,-2.42428791292734e-07,2.53732062548413e-07,-2.81984928853329e-07,2.45999584750738e-07,-2.57994693044235e-07,8.32618000560819e-09,3.57079345800473e-09,-4.26263049582114e-09
615,2.90361954545387e-07,-2.42286760206498e-07,2.53397428345385e-07,-2.81646987102722e-07,2.46268933585984e-07,-2.58061611682534e-07,8.71496744266434e-09,3.98217337948511e-09,-4.66418333714915e-09
616,2.90396005494742e-07,-2.42160566217402e-07,2.53078526190375e-07,-2.81308597972327e-07,2.4653761819632e-07,-2.58127938377646e-07,9.08740752241546e-09,4.37705197891888e-09,-5.0494121872713e-09
617,2.90413716829638e-07,-2.42049772181991e-07,2.52774922282624e-07,-2.80969764113196e-07,2.46805639013653e-07,-2.58193674301191e-07,9.44395271644222e-09,4.75586683166119e-09,-5.41875201856673e-09
618,2.9041553849887e-07,-2.419539541273e-07,2.52486196188701e-07,-2.80630488173251e-07,2.47072996473234e-07,-2.58258820625979e-07,9.78505032561871e-09,5.11904234593461e-09,-5.77262443727803e-09
619,2.90401915277395e-07,-2.41872701250842e-07,2.52211940842501e-07,-2.80290772797189e-07,2.4733969101357e-07,-2.58323378525913e-07,1.01111424802062e-08,5.46698976272775e-09,-6.11143768341135e-09
620,2.90373286766335e-07,-2.41805615920618e-07,2.51951762545247e-07,-2.79950621255172e-07,2.47605723623624e-07,-2.58387349750354e-07,1.04226655111634e-08,5.80010770300667e-09,-6.43558720510726e-09
621,2.90330087401246e-07,-2.41752313662667e-07,2.5170528095101e-07,-2.79610034928929e-07,2.47871093655853e-07,-2.58450734328185e-07,1.07200524723178e-08,6.11877999318586e-09,-6.7454533771752e-09
622,2.90272733880601e-07,-2.41712411269548e-07,2.51472116074955e-07,-2.79269017082326e-07,2.48135802107803e-07,-2.58513534012391e-07,1.10037167982746e-08,6.42339083825492e-09,-7.04141793743597e-09
623,2.9020158617714e-07,-2.41685508330529e-07,2.5125186906047e-07,-2.78927570351082e-07,2.48399849442817e-07,-2.5857574999044e-07,1.12740158260576e-08,6.71434111228799e-09,-7.32388092997095e-09
624,2.90116988397096e-07,-2.41671211323226e-07,2.51044148088765e-07,-2.78585697366735e-07,2.48663236127973e-07,-2.58637383450898e-07,1.15312910303608e-08,6.99202480474755e-09,-7.59323536213275e-09
625,2.90019282091466e-07,-2.4166913746809e-07,2.50848572236533e-07,-2.78243400756148e-07,2.48925962634125e-07,-2.58698435583288e-07,1.1775881335318e-08,7.25682516603465e-09,-7.84986334675442e-09
626,2.8990880625602e-07,-2.41678914728407e-07,2.50664771475941e-07,-2.77900683142964e-07,2.49188029437146e-07,-2.58758907579405e-07,1.20081231130554e-08,7.5091147087391e-09,-8.09413610346405e-09
627,2.8978589733129e-07,-2.41700181810296e-07,2.50492386674637e-07,-2.77557547766013e-07,2.49449437564877e-07,-2.58818801204088e-07,1.22283495652774e-08,7.74925575458152e-09,-8.32641452945106e-09
628,2.89650889202583e-07,-2.41732588162709e-07,2.50331069595746e-07,-2.7721399599819e-07,2.49710186403899e-07,-2.58878116506022e-07,1.24368932043923e-08,7.97759824119016e-09,-8.54704691027617e-09
629,2.89504113199968e-07,-2.41775793977435e-07,2.50180482897872e-07,-2.76870031071121e-07,2.49970276990061e-07,-2.58936855252981e-07,1.26340821288474e-08,8.19448301262612e-09,-8.75637235510919e-09
630,2.89345898098286e-07,-2.41829470189095e-07,2.50040300135097e-07,-2.76525655590065e-07,2.50229709814246e-07,-2.58995018640641e-07,1.28202425082204e-08,8.40023962515094e-09,-8.95471850554394e-09
631,2.89176570117144e-07,-2.41893298475144e-07,2.49910205756983e-07,-2.7618087215708e-07,2.50488485372259e-07,-2.59052607866892e-07,1.29956979600635e-08,8.59518689711522e-09,-9.14240210990932e-09
632,2.88996452920919e-07,-2.41966971255873e-07,2.49789895108567e-07,-2.75835683369396e-07,2.50746604163367e-07,-2.5910962413032e-07,1.31607695515227e-08,8.77963290749394e-09,-9.3197290217525e-09
633,2.88805867618754e-07,-2.42050191694406e-07,2.49679074430368e-07,-2.75490091819316e-07,2.5100406669017e-07,-2.59166068630093e-07,1.33157757994385e-08,8.95387499576411e-09,-9.48699419972472e-09
634,2.88605132764563e-07,-2.42142673696701e-07,2.49577460858382e-07,-2.75144100096023e-07,2.51260873460199e-07,-2.59221942567627e-07,1.34610326685392e-08,9.11819976349808e-09,-9.64448170924533e-09
635,2.88394564357024e-07,-2.42244141911549e-07,2.49484782424082e-07,-2.7479771139507e-07,2.5151702553487e-07,-2.59277247715716e-07,1.35968529619547e-08,9.27288362332033e-09,-9.79246529163443e-09
636,2.88174475839588e-07,-2.42354331730579e-07,2.49400778054421e-07,-2.74450927072518e-07,2.51772522327708e-07,-2.59331984135399e-07,1.37235487670699e-08,9.41819059712936e-09,-9.93120608097774e-09
637,2.87945176086202e-07,-2.42472986998944e-07,2.49325195039201e-07,-2.74103750316722e-07,2.52027364908487e-07,-2.5938615360264e-07,1.38414257694802e-08,9.55437790954289e-09,-1.00609585634392e-08
638,2.87706932591367e-07,-2.42599832894028e-07,2.49257760342689e-07,-2.73756183698204e-07,2.52281553806943e-07,-2.59439757327441e-07,1.39507488931633e-08,9.68172091291444e-09,-1.0181996984751e-08
639,2.87459976649176e-07,-2.42734584526287e-07,2.49198190643881e-07,-2.73408229785169e-07,2.52535089563049e-07,-2.59492796525849e-07,1.40517468640072e-08,9.80050503676274e-09,-1.0294605881968e-08
640,2.87204537741982e-07,-2.42876965640659e-07,2.49146211423324e-07,-2.73059891139497e-07,2.52787972720024e-07,-2.59545272413971e-07,1.41446466024855e-08,9.91100707936451e-09,-1.03990609906472e-08
641,2.86940844774601e-07,-2.4302670890798e-07,2.49101557193708e-07,-2.7271117031746e-07,2.53040203824985e-07,-2.59597186208644e-07,1.42296744571415e-08,1.00134949170043e-08,-1.04956290149361e-08
642,2.86669126074309e-07,-2.43183555924978e-07,2.49063971499862e-07,-2.72362070474992e-07,2.53291783982828e-07,-2.59648539698441e-07,1.43070555993171e-08,1.01082280578498e-08,-1.05845681985791e-08
643,2.86389609390839e-07,-2.43347257214275e-07,2.49033206918759e-07,-2.72012592949327e-07,2.53542712644325e-07,-2.59699332962956e-07,1.43770164415121e-08,1.01954554300499e-08,-1.06661260441972e-08
644,2.86102521896388e-07,-2.43517572224385e-07,2.49009025059511e-07,-2.71662740886853e-07,2.53792990922314e-07,-2.59749567792877e-07,1.4439781009535e-08,1.02754186979287e-08,-1.07405427333661e-08
645,2.8580809018561e-07,-2.43694269329719e-07,2.48991196563371e-07,-2.7131251682338e-07,2.54042619381055e-07,-2.59799245409646e-07,1.44955733622301e-08,1.03483500513363e-08,-1.08080488462755e-08
646,2.8550654027562e-07,-2.43877125830579e-07,2.48979501103734e-07,-2.70961923288923e-07,2.54291598588395e-07,-2.59848367035167e-07,1.45446169866972e-08,1.04144727578159e-08,-1.08688659314333e-08
647,2.85198097605995e-07,-2.44065927953163e-07,2.48973727386136e-07,-2.70610962809385e-07,2.54539929117293e-07,-2.5989693389338e-07,1.45871347966095e-08,1.04740011641303e-08,-1.09232065072438e-08
648,2.84882987038768e-07,-2.4426047084956e-07,2.48973673148255e-07,-2.70259637904844e-07,2.54787611544217e-07,-2.59944947208623e-07,1.46233491339234e-08,1.05271406946571e-08,-1.09712740603683e-08
649,2.84561432858435e-07,-2.44460558597755e-07,2.48979145159908e-07,-2.6990795108959e-07,2.55034646449142e-07,-2.59992408205643e-07,1.4653481768845e-08,1.05740878513874e-08,-1.10132630457353e-08
650,2.84233658771951e-07,-2.44666004201626e-07,2.48989959223055e-07,-2.69555905468468e-07,2.55281034971247e-07,-2.60039318678841e-07,1.46777533034832e-08,1.06150307696206e-08,-1.1049359455786e-08
651,2.83899887908732e-07,-2.44876629590945e-07,2.49005940171796e-07,-2.69203502354954e-07,2.5552677659045e-07,-2.60085678719321e-07,1.46963855537785e-08,1.06501469995049e-08,-1.10797385475249e-08
652,2.83560342820654e-07,-2.45092265621378e-07,2.49026921872372e-07,-2.6885074484439e-07,2.55771872453484e-07,-2.60131490123351e-07,1.47095979762636e-08,1.0679606832106e-08,-1.11045682509788e-08
653,2.83215238418299e-07,-2.4531274562926e-07,2.49052740252662e-07,-2.6849763543042e-07,2.5601632315836e-07,-2.6017675412082e-07,1.47176029878792e-08,1.07035775291e-08,-1.11240138681589e-08
654,2.8286474064562e-07,-2.45537874380375e-07,2.49083201409281e-07,-2.68144176599396e-07,2.56260129315662e-07,-2.6022147194757e-07,1.47205640462247e-08,1.07222549352874e-08,-1.11382705382888e-08
655,2.82508995568283e-07,-2.4576745140626e-07,2.49118106523328e-07,-2.67790370833182e-07,2.56503291544617e-07,-2.60265644843705e-07,1.47186247351016e-08,1.07358401383568e-08,-1.11475383203772e-08
656,2.82148150065317e-07,-2.46001283833818e-07,2.49157264443709e-07,-2.67436220606646e-07,2.56745810467608e-07,-2.60309274049103e-07,1.47119294586709e-08,1.07445266337891e-08,-1.1152009605394e-08
657,2.81782351901569e-07,-2.46239186386508e-07,2.49200491673762e-07,-2.67081728975083e-07,2.56987687266293e-07,-2.60352361369969e-07,1.47006229264862e-08,1.07485008797855e-08,-1.11518696962069e-08
658,2.81411749727704e-07,-2.46480981384343e-07,2.49247612371252e-07,-2.66726897227194e-07,2.57228921460739e-07,-2.60394906915914e-07,1.46848525005096e-08,1.07479400763964e-08,-1.1147294544662e-08
659,2.81036493080205e-07,-2.46726498743896e-07,2.49298458348372e-07,-2.6637172840826e-07,2.57469514241266e-07,-2.60436912495577e-07,1.46647646719451e-08,1.07430154973706e-08,-1.11384541472051e-08
660,2.80656732381373e-07,-2.46975575978295e-07,2.49352869071745e-07,-2.66016224969287e-07,2.57709466246465e-07,-2.60478379351688e-07,1.46405074120865e-08,1.07338902681698e-08,-1.11255102799427e-08
661,2.80272618939327e-07,-2.47228058197225e-07,2.49410691662423e-07,-2.65660389355496e-07,2.57948778119068e-07,-2.6051930872781e-07,1.46122295838312e-08,1.0720719921843e-08,-1.11086170653871e-08
662,2.79884304948003e-07,-2.47483798106929e-07,2.49471780895886e-07,-2.65304224005974e-07,2.58187450505597e-07,-2.60559701867986e-07,1.45800809420285e-08,1.07036523986677e-08,-1.10879209720999e-08
663,2.79491943487154e-07,-2.47742656010204e-07,2.49535999202041e-07,-2.64947731354588e-07,2.58425484057193e-07,-2.60599560017598e-07,1.45442121325666e-08,1.06828280469888e-08,-1.10635608155571e-08
664,2.79095688522355e-07,-2.48004499806407e-07,2.49603216665226e-07,-2.64590914406397e-07,2.58662879984049e-07,-2.60638884985128e-07,1.45047741159575e-08,1.06583801776418e-08,-1.10356683199019e-08
665,2.78695694904993e-07,-2.48269204991448e-07,2.49673311024208e-07,-2.64233774425304e-07,2.58899637832411e-07,-2.60677676889375e-07,1.44619204796893e-08,1.06304328409623e-08,-1.10043658651674e-08
666,2.78292118372277e-07,-2.48536654657798e-07,2.4974616767218e-07,-2.63876314406225e-07,2.591357588206e-07,-2.60715937540858e-07,1.44158039660523e-08,1.05991041628023e-08,-1.09697698686785e-08
667,2.77885115547233e-07,-2.48806739494481e-07,2.49821679656766e-07,-2.635185367585e-07,2.59371243614468e-07,-2.60753668186591e-07,1.43665787887333e-08,1.05645041199869e-08,-1.09319885298254e-08
668,2.77474843938704e-07,-2.49079357787079e-07,2.49899747680017e-07,-2.63160443886243e-07,2.59606092884339e-07,-2.60790870074829e-07,1.4314400052461e-08,1.05267350972595e-08,-1.08911223948116e-08
669,2.77061453737439e-07,-2.49354408149073e-07,2.49980272335537e-07,-2.62802038186137e-07,2.59840307305159e-07,-2.60827544454429e-07,1.42594155513027e-08,1.04858991560859e-08,-1.08472721188921e-08
670,2.76645047214957e-07,-2.49631756122117e-07,2.50063120349565e-07,-2.62443322046508e-07,2.60073887565971e-07,-2.60863692580864e-07,1.42017251684491e-08,1.04421314438538e-08,-1.08005722312984e-08
671,2.7622571032338e-07,-2.49911260249583e-07,2.50148151955486e-07,-2.62084297849276e-07,2.60306834363796e-07,-2.60899315712785e-07,1.41414124741045e-08,1.03955741142132e-08,-1.07511637572983e-08
672,2.75803530931268e-07,-2.50192785719255e-07,2.50235234051298e-07,-2.61724968537271e-07,2.60539148955194e-07,-2.60934415668843e-07,1.4078562393997e-08,1.03463632359393e-08,-1.06991816175451e-08
673,2.75378598850987e-07,-2.50476204366879e-07,2.50324240190699e-07,-2.61365335339608e-07,2.60770830929657e-07,-2.60968992585072e-07,1.40132635113789e-08,1.02946265627774e-08,-1.06447523943738e-08
674,2.74951005838712e-07,-2.50761394676165e-07,2.50415050583086e-07,-2.61005401187891e-07,2.61001881551712e-07,-2.61003048281691e-07,1.39456046508215e-08,1.02404868755476e-08,-1.05879976986051e-08
675,2.74520845594425e-07,-2.5104824177878e-07,2.50507552093559e-07,-2.60645168437575e-07,2.61232301532919e-07,-2.61036584018224e-07,1.38756771568502e-08,1.01840597541393e-08,-1.0529031924665e-08
676,2.74088213761915e-07,-2.51336637454355e-07,2.50601638242918e-07,-2.60284639437147e-07,2.61462091588037e-07,-2.61069601054007e-07,1.38035743247679e-08,1.01254541336817e-08,-1.0467962811089e-08
677,2.73653207928779e-07,-2.51626480130482e-07,2.50697209207661e-07,-2.59923816528765e-07,2.61691252435624e-07,-2.61102100648797e-07,1.37293914000133e-08,1.00647723051421e-08,-1.04048914411358e-08
678,2.73215927626421e-07,-2.51917674882713e-07,2.5079417181999e-07,-2.59562702047979e-07,2.61919784797721e-07,-2.61134084062472e-07,1.3653225578442e-08,1.00021099150082e-08,-1.03399122424818e-08
679,2.72776474330053e-07,-2.52210133434561e-07,2.50892439567805e-07,-2.59201298885075e-07,2.62147689958375e-07,-2.61165553114492e-07,1.35751754449777e-08,9.93755652381377e-09,-1.0273113546687e-08
680,2.72334951458695e-07,-2.52503774157503e-07,2.50991932594707e-07,-2.58839608239792e-07,2.62374967530746e-07,-2.61196507946876e-07,1.34953432189034e-08,9.87119337324269e-09,-1.02045753521688e-08
681,2.71891464375174e-07,-2.52798522070974e-07,2.51092577699998e-07,-2.58477632990719e-07,2.62601618805935e-07,-2.61226950379888e-07,1.34138313844547e-08,9.80309673496022e-09,-1.013437267989e-08
682,2.71446120386124e-07,-2.53094308842372e-07,2.5119430833868e-07,-2.58115375447527e-07,2.62827644520135e-07,-2.61256881674214e-07,1.3330744938597e-08,9.73333567776299e-09,-1.00625733355346e-08
683,2.70999028741987e-07,-2.53391072787055e-07,2.51297064621455e-07,-2.5775283791376e-07,2.6305304541334e-07,-2.61286303091031e-07,1.32461908282273e-08,9.6619726262842e-09,-9.98923846957562e-09
684,2.70550300637013e-07,-2.53688758868344e-07,2.51400793314727e-07,-2.57390022685874e-07,2.63277822228337e-07,-2.61315215891016e-07,1.31602779511385e-08,9.58906335999298e-09,-9.91442257628883e-09
685,2.70100044799637e-07,-2.53987314794274e-07,2.51505443676911e-07,-2.5702693205456e-07,2.63501975713323e-07,-2.6134362133653e-07,1.3073112745077e-08,9.51466091904907e-09,-9.83817765961891e-09
686,2.69648327701811e-07,-2.54286655608102e-07,2.51610931728143e-07,-2.56663568299379e-07,2.63725506628434e-07,-2.61371520694184e-07,1.29847594024319e-08,9.43885102033183e-09,-9.76058896604078e-09
687,2.69195192981421e-07,-2.54586680077193e-07,2.51717157956016e-07,-2.56299934242991e-07,2.63948416301816e-07,-2.61398915790296e-07,1.28952587384296e-08,9.361736224623e-09,-9.68175783427985e-09
688,2.68740686681151e-07,-2.54887292713217e-07,2.51824028611768e-07,-2.55936031045845e-07,2.64170704389183e-07,-2.61425806782157e-07,1.28046556353064e-08,9.2834116759662e-09,-9.60177817038928e-09
689,2.68284857530971e-07,-2.55188404017606e-07,2.51931455892502e-07,-2.55571861516875e-07,2.64392372224163e-07,-2.61452195495165e-07,1.27129960140957e-08,9.20396820655671e-09,-9.52073960266291e-09
690,2.67827756948134e-07,-2.55489930481551e-07,2.52039357941183e-07,-2.55207427906718e-07,2.64613420586226e-07,-2.61478083199179e-07,1.26203290414164e-08,9.12349010467577e-09,-9.43872525799532e-09
691,2.67369439037179e-07,-2.55791794586005e-07,2.52147658846641e-07,-2.54842732459174e-07,2.64833850258116e-07,-2.6150347116396e-07,1.25267065780046e-08,9.04205567211114e-09,-9.35581231731837e-09
692,2.66909960589927e-07,-2.56093924801682e-07,2.52256288643569e-07,-2.54477777410182e-07,2.65053662024753e-07,-2.61528360658102e-07,1.24321831797448e-08,8.95973722307094e-09,-9.27207201453315e-09
693,2.66449381085486e-07,-2.56396255589056e-07,2.52365183312522e-07,-2.54112564990042e-07,2.6527285667547e-07,-2.61552752951261e-07,1.23368160954444e-08,8.87660108641336e-09,-9.18756963873882e-09
694,2.65987762690249e-07,-2.56698727398363e-07,2.5247428477992e-07,-2.53747097963841e-07,2.65491435560243e-07,-2.61576649865116e-07,1.22406647264082e-08,8.79270816187932e-09,-9.10236508519553e-09
695,2.65525170257892e-07,-2.570012866696e-07,2.52583540918047e-07,-2.53381377461849e-07,2.65709398357759e-07,-2.61600051562215e-07,1.21437927960433e-08,8.7081116881597e-09,-9.01651064416808e-09
696,2.65061671329376e-07,-2.57303885832522e-07,2.52692905545048e-07,-2.53015406236898e-07,2.65926746424385e-07,-2.61622959864413e-07,1.20462650924781e-08,8.62286059186325e-09,-8.93005431936477e-09
697,2.64597336132946e-07,-2.57606483306648e-07,2.52802338424934e-07,-2.52649186491307e-07,2.66143480561185e-07,-2.6164537603986e-07,1.19481496416387e-08,8.53699725453743e-09,-8.84303761492577e-09
698,2.64132237584133e-07,-2.57909043501257e-07,2.52911805267578e-07,-2.52282720421097e-07,2.66359601572781e-07,-2.61667301356975e-07,1.18495171630363e-08,8.45055807152448e-09,-8.75549608939766e-09
699,2.63666451285752e-07,-2.58211536815388e-07,2.53021277728717e-07,-2.51916010215147e-07,2.66575110266448e-07,-2.61688737083571e-07,1.17504410706045e-08,8.36357345106039e-09,-8.66745935485464e-09
700,2.63200055527902e-07,-2.58513939637841e-07,2.53130733409951e-07,-2.51549058055032e-07,2.66790007451894e-07,-2.61709684486643e-07,1.165099747287e-08,8.27606781405297e-09,-8.57895107669258e-09
701,2.62733130647221e-07,-2.58816233800532e-07,2.53240155258136e-07,-2.51181866650181e-07,2.67004294501015e-07,-2.61730145383932e-07,1.15512639970403e-08,8.18806070048261e-09,-8.48999012579584e-09
702,2.62265730235458e-07,-2.59118379955001e-07,2.53349504543692e-07,-2.50814437097123e-07,2.67217971120079e-07,-2.61750119945126e-07,1.14512931383351e-08,8.0995911650778e-09,-8.40061540143449e-09
703,2.61797870949143e-07,-2.59420306051349e-07,2.53458710833591e-07,-2.50446772084802e-07,2.67431038702179e-07,-2.61769609995268e-07,1.13510988643408e-08,8.0107326508303e-09,-8.31089916167697e-09
704,2.61329569866424e-07,-2.59721942701736e-07,2.53567706574891e-07,-2.50078873758709e-07,2.67643498084701e-07,-2.6178861680778e-07,1.12506961077149e-08,7.92155538296499e-09,-8.22091023288877e-09
705,2.60860847198821e-07,-2.60023226008204e-07,2.53676429608153e-07,-2.49710798051389e-07,2.67855405402158e-07,-2.61807196449849e-07,1.11500491474312e-08,7.83217939395354e-09,-8.13076684169662e-09
706,2.6039172629122e-07,-2.60324097562674e-07,2.53784823167444e-07,-2.49342512442604e-07,2.68066726175374e-07,-2.61825315095282e-07,1.10492138486166e-08,7.74262861270085e-09,-8.04049192783845e-09
707,2.59922233621883e-07,-2.60624504446944e-07,2.53892835880337e-07,-2.48974000341987e-07,2.68277442061219e-07,-2.61842954985202e-07,1.09482332798953e-08,7.65293761427539e-09,-7.95011910486503e-09
708,2.59452398802437e-07,-2.60924399232694e-07,2.54000421767912e-07,-2.48605263856337e-07,2.68487553901478e-07,-2.61860117383064e-07,1.08471349461001e-08,7.56315466878365e-09,-7.85969561515283e-09
709,2.58982254577883e-07,-2.61223739981481e-07,2.54107540244752e-07,-2.48236305609201e-07,2.68697063098228e-07,-2.61876804098105e-07,1.07459489686823e-08,7.47332311674759e-09,-7.76926385335345e-09
710,2.58511836826591e-07,-2.61522490244741e-07,2.54214156118947e-07,-2.47867126643667e-07,2.6890596938206e-07,-2.61893015298412e-07,1.06447101829243e-08,7.38347913731921e-09,-7.67885917946491e-09
711,2.580411845603e-07,-2.6182061906379e-07,2.54320239592094e-07,-2.47497729570651e-07,2.69114274160386e-07,-2.61908752792567e-07,1.05434549896486e-08,7.29365509659562e-09,-7.58851320047283e-09
712,2.57570339924121e-07,-2.62118100969824e-07,2.54425766259293e-07,-2.47128116468618e-07,2.6932197828491e-07,-2.61924017841192e-07,1.04422234555033e-08,7.20387731508582e-09,-7.49825158189897e-09
713,2.57099348196535e-07,-2.62414915983915e-07,2.54530717109152e-07,-2.46758289408359e-07,2.69529082609083e-07,-2.61938811703521e-07,1.0341058788176e-08,7.11416662516742e-09,-7.40809459436858e-09
714,2.56628257789392e-07,-2.62711049617018e-07,2.54635078523783e-07,-2.46388250455315e-07,2.6973558799055e-07,-2.61953135639795e-07,1.02400073340776e-08,7.02453837353244e-09,-7.3180571160121e-09
715,2.56157120247914e-07,-2.63006492869964e-07,2.54738842278805e-07,-2.46018001666319e-07,2.69941495287617e-07,-2.6196699090783e-07,1.01391185815952e-08,6.93500241765316e-09,-7.22814862902535e-09
716,2.55685990250693e-07,-2.63301242233463e-07,2.54842005543341e-07,-2.45647545606936e-07,2.70146805918802e-07,-2.61980379308493e-07,1.00384446437566e-08,6.84556368533842e-09,-7.13837376515241e-09
717,2.55214925609689e-07,-2.63595299688108e-07,2.54944570880021e-07,-2.45276883289398e-07,2.70351519633479e-07,-2.61993301012111e-07,9.9380423202912e-09,6.75621994537139e-09,-7.04873013209013e-09
718,2.54743979124659e-07,-2.63888665232045e-07,2.55046538552972e-07,-2.44906017265597e-07,2.70555637856751e-07,-2.62005757819383e-07,9.83796185906166e-09,6.66697262470635e-09,-6.95921926641095e-09
719,2.54273159626157e-07,-2.64181297300989e-07,2.55147867945251e-07,-2.44534949557958e-07,2.70759161470026e-07,-2.62017750992055e-07,9.7382100681997e-09,6.57786416903742e-09,-6.86988304680429e-09
720,2.53802462942948e-07,-2.64473141551058e-07,2.55248506732147e-07,-2.44163682178511e-07,2.70962091360104e-07,-2.62029281792005e-07,9.63878076443722e-09,6.48894980904532e-09,-6.78077505985798e-09
721,2.5333188842927e-07,-2.64764148878834e-07,2.55348407699421e-07,-2.43792217132551e-07,2.71164428416421e-07,-2.62040351480622e-07,9.53967129671897e-09,6.4002795375871e-09,-6.69194378120067e-09
722,2.52861438959009e-07,-2.65054275452565e-07,2.55447528753863e-07,-2.43420556418743e-07,2.71366173531118e-07,-2.62050961318887e-07,9.44088254026692e-09,6.31189807855311e-09,-6.60343256502378e-09
723,2.52391120925697e-07,-2.65343482712169e-07,2.55545832923289e-07,-2.4304870202745e-07,2.71567327597173e-07,-2.62061112565574e-07,9.34241889824629e-09,6.22384488500361e-09,-6.5152796422845e-09
724,2.51920944242509e-07,-2.65631737369236e-07,2.55643288356547e-07,-2.42676656447878e-07,2.71767892066945e-07,-2.62070807018657e-07,9.24428779463102e-09,6.13615469770882e-09,-6.42751866211039e-09
725,2.5145092234227e-07,-2.65919011407023e-07,2.55739868323509e-07,-2.42304420645618e-07,2.71967866725699e-07,-2.62080044856844e-07,9.14650169665189e-09,6.04885531867646e-09,-6.34017653333455e-09
726,2.50981072177448e-07,-2.66205282080457e-07,2.5583555121508e-07,-2.41931997096393e-07,2.72167253029409e-07,-2.62088827876024e-07,9.04907508105504e-09,5.96197094895211e-09,-6.25327666094417e-09
727,2.50511414220157e-07,-2.66490531916136e-07,2.55930320543189e-07,-2.41559387762518e-07,2.72366051879594e-07,-2.62097157331315e-07,8.95202645763928e-09,5.87551996345741e-09,-6.1668367881259e-09
728,2.50041972462158e-07,-2.66774748712326e-07,2.56024164940797e-07,-2.41186594599789e-07,2.72564264180344e-07,-2.62105034477377e-07,8.8553778623689e-09,5.78951546801799e-09,-6.08086953658033e-09
729,2.49572774414857e-07,-2.67057925538964e-07,2.5611707816189e-07,-2.40813619555672e-07,2.72761890836274e-07,-2.6211246056644e-07,8.75915485918494e-09,5.70396529731072e-09,-5.99538240455025e-09
730,2.49103851109306e-07,-2.67340060737653e-07,2.56209059081485e-07,-2.40440464572201e-07,2.72958932755695e-07,-2.6211943685139e-07,8.66338653710542e-09,5.61887201804191e-09,-5.91037776990548e-09
731,2.48635237096203e-07,-2.67621157921671e-07,2.56300111695626e-07,-2.40067132078596e-07,2.73155391401882e-07,-2.62125965117485e-07,8.56810501760684e-09,5.5342334802117e-09,-5.82585342185903e-09
732,2.48166970445891e-07,-2.6790122597596e-07,2.56390245121385e-07,-2.39693623009203e-07,2.73351266576154e-07,-2.62132045543718e-07,8.47334743668793e-09,5.45004060019391e-09,-5.74180042233212e-09
733,2.4769909274836e-07,-2.68180279057136e-07,2.56479473596864e-07,-2.39319939780506e-07,2.73546559745624e-07,-2.62137679913658e-07,8.37915296785375e-09,5.36628068848776e-09,-5.6582063167941e-09
734,2.47231648870614e-07,-2.68458336386761e-07,2.56567816260825e-07,-2.38946084305698e-07,2.73741271825135e-07,-2.62142869474934e-07,8.28556456491611e-09,5.28293543837418e-09,-5.57505321410889e-09
735,2.46764661970608e-07,-2.6873539736664e-07,2.56655272424905e-07,-2.38572058486616e-07,2.73935403736435e-07,-2.62147615475989e-07,8.19260348399154e-09,5.20000636979462e-09,-5.49234305108361e-09
736,2.46298117351347e-07,-2.69011421258959e-07,2.56741803113687e-07,-2.38197864211384e-07,2.74128956413378e-07,-2.62151919168767e-07,8.1002531399634e-09,5.11753515441939e-09,-5.41011605508006e-09
737,2.45832000812423e-07,-2.69286368014587e-07,2.56827370395366e-07,-2.37823503360247e-07,2.74321930792301e-07,-2.6215578180424e-07,8.00849745217592e-09,5.0355627777134e-09,-5.32841140887409e-09
738,2.45366301805248e-07,-2.69560202626697e-07,2.56911941178066e-07,-2.37448977806204e-07,2.74514327811023e-07,-2.62159204631956e-07,7.91732399904329e-09,4.95412518432563e-09,-5.2472634538898e-09
739,2.44901013433055e-07,-2.69832895130762e-07,2.56995487209835e-07,-2.3707428990063e-07,2.74706148962225e-07,-2.62162189430825e-07,7.82672353242459e-09,4.87325383146312e-09,-5.16670222099057e-09
740,2.44436132450899e-07,-2.70104420604559e-07,2.57077985078648e-07,-2.36699440529653e-07,2.74897394079703e-07,-2.62164736385421e-07,7.73669192124598e-09,4.792973475144e-09,-5.08675130677296e-09
741,2.43971659265656e-07,-2.70374759168163e-07,2.57159416212407e-07,-2.36324432031503e-07,2.75088064659161e-07,-2.62166847272291e-07,7.64722723415267e-09,4.71330549099812e-09,-5.00743105988408e-09
742,2.43507597936023e-07,-2.70643895983954e-07,2.57239766878939e-07,-2.35949266250331e-07,2.75278161644071e-07,-2.62168523335132e-07,7.5583316856917e-09,4.63426566011641e-09,-4.92875645619275e-09
743,2.43043956172519e-07,-2.70911821256614e-07,2.57319028185999e-07,-2.35573945022989e-07,2.75467685979099e-07,-2.62169765816005e-07,7.47001114953037e-09,4.55586472248476e-09,-4.8507376300065e-09
744,2.42580745337484e-07,-2.71178530233124e-07,2.57397196081266e-07,-2.35198470179714e-07,2.7565663861085e-07,-2.62170575956061e-07,7.38227515777013e-09,4.47810837772647e-09,-4.77337987479491e-09
745,2.42117980445079e-07,-2.71444023202768e-07,2.57474271352348e-07,-2.34822843542552e-07,2.75845020486003e-07,-2.62170954993767e-07,7.29513690252634e-09,4.40099728323541e-09,-4.69668364141868e-09
746,2.41655680161285e-07,-2.71708305497132e-07,2.57550259626777e-07,-2.3444706740431e-07,2.7603283310582e-07,-2.62170904694232e-07,7.20861275697587e-09,4.32452760868829e-09,-4.62064506745538e-09
747,2.41193866803908e-07,-2.71971387490104e-07,2.57625171372011e-07,-2.34071142617908e-07,2.76220076315062e-07,-2.62170425238271e-07,7.1227241860004e-09,4.24868882495838e-09,-4.54525386625992e-09
748,2.40732566342572e-07,-2.72233284597873e-07,2.57699021895438e-07,-2.33695071463018e-07,2.76406751617396e-07,-2.6216951838822e-07,7.03749487955425e-09,4.1734670195222e-09,-4.47049649278152e-09
749,2.40271808398724e-07,-2.72494017278931e-07,2.57771831344368e-07,-2.33318855733544e-07,2.76592859964649e-07,-2.62168185376596e-07,6.95295266517956e-09,4.09884268571756e-09,-4.39635403222862e-09
750,2.39811626245629e-07,-2.72753611034069e-07,2.57843624706039e-07,-2.32942497216271e-07,2.7677840230972e-07,-2.62166427434263e-07,6.86912902935837e-09,4.02479127565048e-09,-4.32280272822443e-09
751,2.39352052191618e-07,-2.7301209188141e-07,2.5791442726768e-07,-2.32565997690607e-07,2.7696337960816e-07,-2.6216424579139e-07,6.78605450101049e-09,3.9512877267497e-09,-4.2498185237097e-09
752,2.38893080021182e-07,-2.73269445159436e-07,2.57984224969174e-07,-2.32189358921133e-07,2.77147792826537e-07,-2.62161641680547e-07,6.7037211000496e-09,3.87834766710059e-09,-4.1774167113735e-09
753,2.38434686774933e-07,-2.73525635858085e-07,2.58052985121096e-07,-2.31812583128965e-07,2.77331643488193e-07,-2.62158616857671e-07,6.6221036459677e-09,3.80600763010855e-09,-4.10563173657454e-09
754,2.37976853252125e-07,-2.73780633700972e-07,2.58120679601703e-07,-2.31435671124016e-07,2.77514931466871e-07,-2.62155171508558e-07,6.5411821281091e-09,3.73429776589907e-09,-4.03449190685576e-09
755,2.37519563951011e-07,-2.74034413310698e-07,2.58187284935342e-07,-2.31058625113766e-07,2.77697658287372e-07,-2.62151307385572e-07,6.46093883724538e-09,3.66324497667381e-09,-3.96402245022948e-09
756,2.37062807068834e-07,-2.74286954208851e-07,2.58252782292459e-07,-2.30681446830482e-07,2.77879824925955e-07,-2.62147025716972e-07,6.38136023835194e-09,3.5928707171041e-09,-3.89424342451296e-09
757,2.36606574501831e-07,-2.74538240816002e-07,2.58317157489592e-07,-2.30304137998754e-07,2.78061432359078e-07,-2.62142327728595e-07,6.30243650307663e-09,3.52319154307634e-09,-3.82517023900369e-09
758,2.36150861845232e-07,-2.74788262451708e-07,2.58380400989371e-07,-2.29926700335694e-07,2.78242481563582e-07,-2.62137214644038e-07,6.22416150953801e-09,3.45421911187315e-09,-3.75681365466664e-09
759,2.3569566839326e-07,-2.75037013334513e-07,2.58442507900524e-07,-2.29549135551535e-07,2.78422973517351e-07,-2.62131687685301e-07,6.14653284172571e-09,3.38596018283824e-09,-3.6891797847776e-09
760,2.35240997139133e-07,-2.75284492581943e-07,2.58503477977871e-07,-2.29171445349624e-07,2.78602909199261e-07,-2.62125748072752e-07,6.06955178950974e-09,3.31841661731807e-09,-3.62227009488135e-09
761,2.3478685477506e-07,-2.75530704210513e-07,2.58563315622326e-07,-2.28793631882972e-07,2.78782290136168e-07,-2.62119397541964e-07,5.9932228920887e-09,3.25158592565509e-09,-3.55608191963747e-09
762,2.34333251692245e-07,-2.7577565713572e-07,2.58622029880899e-07,-2.28415695924626e-07,2.78961116211842e-07,-2.62112636273132e-07,5.91755576761957e-09,3.18545907612254e-09,-3.49060639223355e-09
763,2.33880201980884e-07,-2.76019365172048e-07,2.58679634446692e-07,-2.28037639614457e-07,2.79139388954372e-07,-2.62105465998274e-07,5.84256236642747e-09,3.12002378232394e-09,-3.42583155158229e-09
764,2.33427723430166e-07,-2.76261847032967e-07,2.58736147658902e-07,-2.27659464626966e-07,2.79317109344531e-07,-2.62097887929404e-07,5.76825880320038e-09,3.05526231156359e-09,-3.36174027050252e-09
765,2.32975837528276e-07,-2.76503126330931e-07,2.5879159250282e-07,-2.27281172629791e-07,2.79494278363859e-07,-2.62089903276764e-07,5.69466489848432e-09,2.99115203292878e-09,-3.29831077394332e-09
766,2.32524569462388e-07,-2.76743231577379e-07,2.58845996609833e-07,-2.26902765283077e-07,2.7967089699386e-07,-2.62081513248067e-07,5.62180417931089e-09,2.9276654164809e-09,-3.23551663823462e-09
767,2.32073948000505e-07,-2.76982196080085e-07,2.58899392149572e-07,-2.26524244239883e-07,2.7984696621648e-07,-2.62072719048968e-07,5.54970376062206e-09,2.86477013639529e-09,-3.17332689939583e-09
768,2.31623984396496e-07,-2.77220035226113e-07,2.58951793759074e-07,-2.26145611590925e-07,2.80022487565565e-07,-2.62063522398934e-07,5.47837280557025e-09,2.80245233945232e-09,-3.11172863986044e-09
769,2.31174653980857e-07,-2.77456721514174e-07,2.59003175952743e-07,-2.25766868065689e-07,2.80197460948187e-07,-2.62053923479174e-07,5.4077859151681e-09,2.74073943401282e-09,-3.05074752643159e-09
770,2.30725932179794e-07,-2.77692226661708e-07,2.59053512895149e-07,-2.25388015731978e-07,2.80371887909623e-07,-2.62043924009143e-07,5.33791644781555e-09,2.67966124791448e-09,-2.99041111399418e-09
771,2.30277798109883e-07,-2.77926527204063e-07,2.59102783266306e-07,-2.25009056202173e-07,2.80545769450817e-07,-2.62033525193596e-07,5.26874190770995e-09,2.61924224675394e-09,-2.93074192729041e-09
772,2.29830234578074e-07,-2.78159604494493e-07,2.5915097026167e-07,-2.24629991080643e-07,2.80719106571822e-07,-2.62022728234024e-07,5.20024349743114e-09,2.55950207732943e-09,-2.87175797235369e-09
773,2.29383228081685e-07,-2.78391444704156e-07,2.59198061592144e-07,-2.24250821965306e-07,2.80891900273657e-07,-2.62011534330413e-07,5.13240611637895e-09,2.50045556950068e-09,-2.81347273826879e-09
774,2.28936768808409e-07,-2.7862203882212e-07,2.59244049484073e-07,-2.23871550446116e-07,2.81064151556392e-07,-2.61999944679461e-07,5.06521836229248e-09,2.44211273427169e-09,-2.75589519538746e-09
775,2.28490850636306e-07,-2.78851382655356e-07,2.59288930679247e-07,-2.23492178106325e-07,2.81235861420651e-07,-2.61987960476001e-07,4.99867252998159e-09,2.384478765295e-09,-2.6990297967543e-09
776,2.28045471133813e-07,-2.79079476828743e-07,2.59332706434898e-07,-2.23112706960319e-07,2.81407031410549e-07,-2.61975583420905e-07,4.93276417349384e-09,2.32755458180641e-09,-2.64287698600758e-09
777,2.27600631559733e-07,-2.79306326785065e-07,2.59375382523704e-07,-2.22733137699754e-07,2.8157766143982e-07,-2.61962813687214e-07,4.86749385997897e-09,2.27133465475483e-09,-2.58743116351079e-09
778,2.27156336863243e-07,-2.79531942785014e-07,2.59416969233786e-07,-2.22353472325865e-07,2.81747753052492e-07,-2.6194965297136e-07,4.80286453737814e-09,2.21581026747789e-09,-2.5326837375731e-09
779,2.26712595683892e-07,-2.79756339907186e-07,2.59457481368711e-07,-2.21973712393557e-07,2.81917307248979e-07,-2.61936102458585e-07,4.73888329033571e-09,2.16096734179259e-09,-2.47862108987335e-09
780,2.26269420351599e-07,-2.79979538048086e-07,2.59496938247488e-07,-2.21593859450571e-07,2.82086325029418e-07,-2.61922163331562e-07,4.6755609010286e-09,2.10678698133193e-09,-2.42522508407373e-09
781,2.25826826886655e-07,-2.80201561922123e-07,2.5953536370457e-07,-2.2121391503812e-07,2.82254807394403e-07,-2.61907836771091e-07,4.61291184853554e-09,2.05324547227991e-09,-2.37247306652063e-09
782,2.25384834999722e-07,-2.80422441061613e-07,2.59572786089854e-07,-2.20833880689501e-07,2.82422755343199e-07,-2.61893123954447e-07,4.55095431022088e-09,2.00031428158559e-09,-2.32033786459251e-09
783,2.24943468091834e-07,-2.80642209816779e-07,2.59609238268683e-07,-2.20453758360847e-07,2.8259017041656e-07,-2.61878026560845e-07,4.48970973098648e-09,1.94796059978165e-09,-2.26878829216165e-09
784,2.24502747474862e-07,-2.80860901184398e-07,2.59644751602054e-07,-2.20073548711492e-07,2.82757052533497e-07,-2.61862544756069e-07,4.42919876337031e-09,1.89615134909949e-09,-2.21779315401485e-09
785,2.24062657423968e-07,-2.81078504398422e-07,2.59679316194032e-07,-2.19693253675085e-07,2.82923403246905e-07,-2.61846680219933e-07,4.36940374888262e-09,1.84489884848365e-09,-2.16736402590025e-09
786,2.23623170115707e-07,-2.81294991435689e-07,2.5971290675726e-07,-2.19312874743278e-07,2.830892235718e-07,-2.6183043412633e-07,4.3102953724284e-09,1.79423213611075e-09,-2.11752736907004e-09
787,2.23184261467345e-07,-2.81510339007821e-07,2.59745502436238e-07,-2.18932413401582e-07,2.83254514523912e-07,-2.61813807647586e-07,4.25184806576277e-09,1.74417551609073e-09,-2.06830521134749e-09
788,2.22745911040131e-07,-2.81724528605747e-07,2.59777086803551e-07,-2.18551871127908e-07,2.83419277117784e-07,-2.61796801952698e-07,4.19403991222254e-09,1.6947485120369e-09,-2.0197151491474e-09
789,2.22308102039291e-07,-2.81937546499702e-07,2.59807647859862e-07,-2.18171249393282e-07,2.83583512367621e-07,-2.61779418208145e-07,4.13685264600918e-09,1.64596586791823e-09,-1.9717703482833e-09
790,2.21870821314032e-07,-2.8214938373923e-07,2.59837178033919e-07,-2.17790550081392e-07,2.83747221824641e-07,-2.6176165807597e-07,4.08027123263974e-09,1.59783808541079e-09,-1.9244800420518e-09
791,2.21434059357542e-07,-2.82360036153181e-07,2.59865674182548e-07,-2.17409773808539e-07,2.83910405426266e-07,-2.61743521719887e-07,4.02428554900275e-09,1.55036927308551e-09,-1.87784753733868e-09
792,2.20997810306988e-07,-2.82569504349711e-07,2.59893137590659e-07,-2.17028922445842e-07,2.84073064723055e-07,-2.61725010797306e-07,3.96888786114615e-09,1.50356037334402e-09,-1.83187320664716e-09
793,2.20562071943517e-07,-2.82777793716285e-07,2.59919573971243e-07,-2.1664799743596e-07,2.84235200726253e-07,-2.61706126463281e-07,3.91407450755701e-09,1.45740700996829e-09,-1.78655249203742e-09
794,2.20126845692257e-07,-2.82984914419675e-07,2.59944993465372e-07,-2.16267000215361e-07,2.84396814447385e-07,-2.6168686987098e-07,3.85984547689625e-09,1.41190002771033e-09,-1.74187640560828e-09
795,2.19692136622316e-07,-2.83190881405958e-07,2.59969410642198e-07,-2.15885932213041e-07,2.84557906896549e-07,-2.61667242170137e-07,3.80620440927494e-09,1.36702549059113e-09,-1.69783152793815e-09
796,2.19257953446779e-07,-2.8339571440052e-07,2.59992844498958e-07,-2.15504794851117e-07,2.84718479083125e-07,-2.6164724450771e-07,3.75315859566203e-09,1.32276468260488e-09,-1.65440000875127e-09
797,2.18824308522716e-07,-2.83599437908055e-07,2.60015318460968e-07,-2.15123589545309e-07,2.84878532016342e-07,-2.61626878028424e-07,3.70071897740685e-09,1.27909410828783e-09,-1.61155956745635e-09
798,2.18391217851174e-07,-2.8380208121256e-07,2.60036860381625e-07,-2.14742318113026e-07,2.85038067237757e-07,-2.61606144365788e-07,3.64889973814838e-09,1.23598602519703e-09,-1.56928398416321e-09
799,2.1795870107718e-07,-2.84003678377345e-07,2.60057502542409e-07,-2.1436098113601e-07,2.85197084685797e-07,-2.61585043672666e-07,3.59771994117003e-09,1.19340630845186e-09,-1.52754113025738e-09
800,2.17526780742213e-07,-2.84204267488198e-07,2.60077280901509e-07,-2.13979580419513e-07,2.85355585901404e-07,-2.61563577578105e-07,3.54720032270005e-09,1.15131841320607e-09,-1.48629667659627e-09
801,2.17095455960761e-07,-2.84403859148386e-07,2.60096205404983e-07,-2.13598117345077e-07,2.85513571897076e-07,-2.61541747217617e-07,3.49733861568393e-09,1.1097127486893e-09,-1.44554181263348e-09
802,2.16664698611617e-07,-2.84602426970404e-07,2.60114252384974e-07,-2.13216593280084e-07,2.85671043693692e-07,-2.61519553727581e-07,3.44810533153267e-09,1.06861672328811e-09,-1.40530134260705e-09
803,2.1623448287021e-07,-2.84799946764805e-07,2.60131400410845e-07,-2.12835009584342e-07,2.85828002311218e-07,-2.61496998241244e-07,3.39947328586813e-09,1.02805554641258e-09,-1.365597830399e-09
804,2.15804786484097e-07,-2.8499639911078e-07,2.60147632421376e-07,-2.12453367610339e-07,2.8598444876794e-07,-2.61474081888294e-07,3.35141887375824e-09,9.88049657160534e-10,-1.32644946691845e-09
805,2.15375590772967e-07,-2.85191769356149e-07,2.60162935724759e-07,-2.12071669104888e-07,2.86140384613143e-07,-2.61450806283857e-07,3.30392166807878e-09,9.48615256993949e-10,-1.28787055909784e-09
806,2.14946880628636e-07,-2.85386047617367e-07,2.60177301998604e-07,-2.11689914604809e-07,2.86295809800308e-07,-2.61427171575861e-07,3.25696602382719e-09,9.09762182940968e-10,-1.24986957725654e-09
807,2.14518644515052e-07,-2.85579228779519e-07,2.60190727289934e-07,-2.11308105844363e-07,2.86450725876588e-07,-2.61403179373828e-07,3.21053867068956e-09,8.71497097068399e-10,-1.212452083894e-09
808,2.14090874468293e-07,-2.85771312496325e-07,2.60203212015186e-07,-2.10926244149058e-07,2.86605133855992e-07,-2.61378830795601e-07,3.16463031923494e-09,8.33821359667109e-10,-1.1756187804146e-09
809,2.13663566096566e-07,-2.85962303190137e-07,2.60214760960215e-07,-2.10544330837233e-07,2.86759034750749e-07,-2.61354126955444e-07,3.11923525933284e-09,7.96731560612205e-10,-1.13936599522893e-09
810,2.13236718580208e-07,-2.86152210051937e-07,2.60225383280287e-07,-2.10162367221174e-07,2.86912429572737e-07,-2.61329068965372e-07,3.07435135903458e-09,7.6021952079997e-10,-1.10368568508443e-09
811,2.12810334671687e-07,-2.86341047041343e-07,2.60235092500086e-07,-2.09780354606061e-07,2.87065319332025e-07,-2.61303657933824e-07,3.02998006562555e-09,7.24272290681651e-10,-1.0685654337377e-09
812,2.12384420695599e-07,-2.86528832886604e-07,2.60243906513709e-07,-2.09398294289833e-07,2.87217705036615e-07,-2.61277894965447e-07,2.98612640576616e-09,6.88872150010461e-10,-1.03398845173804e-09
813,2.11958986548671e-07,-2.86715591084601e-07,2.60251847584669e-07,-2.09016187954998e-07,2.87369588221923e-07,-2.6125178164469e-07,2.94279859367336e-09,6.53997137321606e-10,-9.99934060020855e-10
814,2.1153404569976e-07,-2.86901349900848e-07,2.60258942345892e-07,-2.08634036104553e-07,2.87520968838086e-07,-2.61225318105974e-07,2.90000959520773e-09,6.19618937237568e-10,-9.66375760082071e-10
815,2.11109615189853e-07,-2.87086142369492e-07,2.60265221799721e-07,-2.0825184040857e-07,2.87671848417626e-07,-2.61198505927672e-07,2.85777478128354e-09,5.85706048133251e-10,-9.33284127951312e-10
816,2.10685715632067e-07,-2.87270006293313e-07,2.60270721317912e-07,-2.0786960213874e-07,2.87822227963372e-07,-2.61171346202234e-07,2.8161134933274e-09,5.52221670059652e-10,-9.00624884321933e-10
817,2.10262358641571e-07,-2.87452969280906e-07,2.60275466511521e-07,-2.07487322556665e-07,2.8797210847939e-07,-2.61143840019571e-07,2.77503608490634e-09,5.19139198484232e-10,-8.68373508050423e-10
818,2.09839520473168e-07,-2.87635011559392e-07,2.60279439703445e-07,-2.07105002908242e-07,2.8812149098073e-07,-2.61115988471682e-07,2.73451756492682e-09,4.86479421337811e-10,-8.36548768236408e-10
819,2.09417174514536e-07,-2.87816107411984e-07,2.6028261829248e-07,-2.06722644430032e-07,2.8827037648192e-07,-2.61087792647105e-07,2.69453008450435e-09,4.54269069935654e-10,-8.05174354625202e-10
820,2.08995297639341e-07,-2.87996235899565e-07,2.60284984008805e-07,-2.06340248732813e-07,2.88418766519109e-07,-2.61059254106867e-07,2.6550489065286e-09,4.22530619544163e-10,-7.74270098062226e-10
821,2.08573870204858e-07,-2.88175380858851e-07,2.60286522911976e-07,-2.05957816276528e-07,2.88566661055875e-07,-2.6103037298e-07,2.61605392833015e-09,3.91280197024261e-10,-7.4385006802398e-10
822,2.08152876051972e-07,-2.8835353090239e-07,2.60287225390926e-07,-2.05575348660288e-07,2.88714061625853e-07,-2.61001150821964e-07,2.57752739168319e-09,3.60530723463071e-10,-7.13925431038187e-10
823,2.07732302505175e-07,-2.88530679418559e-07,2.60287086163962e-07,-2.05192847094358e-07,2.88860969236935e-07,-2.6097158870811e-07,2.53945541081712e-09,3.30289818376757e-10,-6.84502544147944e-10
824,2.07312140372572e-07,-2.88706824571567e-07,2.60286104278767e-07,-2.04810312781817e-07,2.89007384894364e-07,-2.60941687709625e-07,2.50182759075496e-09,3.00560322796516e-10,-6.5558343085731e-10
825,2.06892383945874e-07,-2.88881969301455e-07,2.602842831124e-07,-2.04427746919521e-07,2.89153309601989e-07,-2.60911448894694e-07,2.46463702635273e-09,2.7134030053341e-10,-6.27165782293437e-10
826,2.06473031000402e-07,-2.89056121324094e-07,2.60281630371295e-07,-2.04045150697999e-07,2.89298744362071e-07,-2.60880873328334e-07,2.42788030240322e-09,2.42623037976557e-10,-5.99242957038541e-10
827,2.06054082795087e-07,-2.89229293131187e-07,2.60278158091262e-07,-2.03662525300981e-07,2.89443690174566e-07,-2.60849962071759e-07,2.39155749410631e-09,2.14397043379193e-10,-5.71803980496898e-10
828,2.05635544072468e-07,-2.89401501990267e-07,2.60273882637487e-07,-2.03279872276139e-07,2.89588148556181e-07,-2.60818716651998e-07,2.35567179632944e-09,1.86646565913895e-10,-5.44834014510828e-10
829,2.05217423058695e-07,-2.895727699447e-07,2.60268824704531e-07,-2.02897192051742e-07,2.89732119464507e-07,-2.60787137183534e-07,2.32023100695271e-09,1.59349519807487e-10,-5.18312479003086e-10
830,2.04799731463525e-07,-2.8974312381368e-07,2.6026300931633e-07,-2.02514486163893e-07,2.89875604412919e-07,-2.60755225187318e-07,2.28524529963286e-09,1.32480599239532e-10,-4.92215870987583e-10
831,2.04382484480327e-07,-2.89912595192235e-07,2.60256465826198e-07,-2.02131755770657e-07,2.90018604393654e-07,-2.60722981710863e-07,2.25072870966988e-09,1.06009201418553e-10,-4.66515884664571e-10
832,2.03965700786075e-07,-2.90081220451224e-07,2.60249227916823e-07,-2.01749002023458e-07,2.90161120396541e-07,-2.60690407797864e-07,2.21669876261737e-09,7.98999453177161e-11,-4.41179881041014e-10
833,2.03549398232196e-07,-2.90249035611888e-07,2.60241328758e-07,-2.01366226065772e-07,2.90303153409805e-07,-2.60657504488294e-07,2.18317216642453e-09,5.41177979170098e-11,-4.16175730294702e-10
834,2.03133562498428e-07,-2.90416033617802e-07,2.60232762123699e-07,-2.00983429026088e-07,2.90444704431382e-07,-2.6062427282361e-07,2.1501334723393e-09,2.86708135801491e-11,-3.91510699911732e-10
835,2.02718166737759e-07,-2.90582187057111e-07,2.60223504029551e-07,-2.0060061238216e-07,2.90585774975338e-07,-2.60590714305772e-07,2.11755435559842e-09,3.58791822653162e-12,-3.67210276220078e-10
836,2.02303187552632e-07,-2.90747473161185e-07,2.60213534712031e-07,-2.0021777651957e-07,2.90726365008867e-07,-2.60556829041436e-07,2.08541103306228e-09,-2.11081523178771e-11,-3.43294329404548e-10
837,2.01888604930455e-07,-2.90911873955947e-07,2.60202838709162e-07,-1.99834922904584e-07,2.90866476042151e-07,-2.60522618526146e-07,2.05368202587081e-09,-4.53979137956959e-11,-3.19779816984544e-10
838,2.01474402243605e-07,-2.91075376261875e-07,2.60191404860519e-07,-1.99452052634659e-07,2.91006109068242e-07,-2.60488083787756e-07,2.02234960894552e-09,-6.92671936335991e-11,-2.96678927236845e-10
839,2.01060566249423e-07,-2.91237971694003e-07,2.60179226307231e-07,-1.9906916680088e-07,2.91145265077807e-07,-2.60453225850405e-07,1.99139944854315e-09,-9.27066161964763e-11,-2.73999543174531e-10
840,2.0064708709022e-07,-2.91399656661919e-07,2.60166300491976e-07,-1.9868626648741e-07,2.91283945058264e-07,-2.60418045733761e-07,1.96082060280953e-09,-1.15711603654107e-10,-2.5174524178481e-10
841,2.00233958293271e-07,-2.91560432369763e-07,2.60152629158986e-07,-1.98303352772538e-07,2.91422149995223e-07,-2.60382544454324e-07,1.93060552073374e-09,-1.3828237453972e-10,-2.29915295338107e-10
842,1.99821176770822e-07,-2.91720304816232e-07,2.60138218354043e-07,-1.97920427081051e-07,2.91559881382592e-07,-2.60346723482965e-07,1.90074968977088e-09,-1.60423433639439e-10,-2.08505128921965e-10
843,1.99408742820083e-07,-2.91879284794577e-07,2.60123078424481e-07,-1.9753748977149e-07,2.9169713917836e-07,-2.60310582911187e-07,1.8712530485925e-09,-1.82145616216672e-10,-1.87504486706457e-10
844,1.9899666012323e-07,-2.92037387892603e-07,2.60107224019185e-07,-1.97154542257256e-07,2.91833924871803e-07,-2.60274124202976e-07,1.8421178659743e-09,-2.0346302080046e-10,-1.66900183790703e-10
845,1.9858493574741e-07,-2.9219463449267e-07,2.60090674088595e-07,-1.96771585591722e-07,2.91970239438618e-07,-2.60237348359921e-07,1.81335015568848e-09,-2.24395054052818e-10,-1.46674271326586e-10
846,1.98173580144734e-07,-2.92351049771692e-07,2.60073451884697e-07,-1.96388620821795e-07,2.9210608385152e-07,-2.60200256379468e-07,1.78495932293912e-09,-2.44965920172249e-10,-1.26804494771045e-10
847,1.9776260715228e-07,-2.92506663701138e-07,2.60055584961034e-07,-1.96005648987823e-07,2.92241459080034e-07,-2.60162849254749e-07,1.7569581644575e-09,-2.65204621104228e-10,-1.07264293714862e-10
848,1.97352033992095e-07,-2.9266151104703e-07,2.60037105172698e-07,-1.95622671125072e-07,2.9237636609259e-07,-2.60125127976473e-07,1.72936286702284e-09,-2.85144954439503e-10,-8.80228037757366e-11
849,1.96941880269978e-07,-2.92815630213484e-07,2.60018047574312e-07,-1.95239688261237e-07,2.92510805853472e-07,-2.60087093530061e-07,1.7021920087412e-09,-3.04824360011871e-10,-6.90459557482529e-11
850,1.9653214263144e-07,-2.92969028763902e-07,2.59998419023115e-07,-1.94856701753932e-07,2.92644779839047e-07,-2.60048747352295e-07,1.67544087750803e-09,-3.24248924855472e-10,-5.0328329179955e-11
851,1.96122795276188e-07,-2.93121679117985e-07,2.59978195449323e-07,-1.94473711916635e-07,2.92778288012068e-07,-2.60010089522837e-07,1.64908335955283e-09,-3.43391105917322e-10,-3.1894073513906e-11
852,1.9571381491692e-07,-2.93273556566434e-07,2.59957355504988e-07,-1.94090720086834e-07,2.92911331851301e-07,-2.59971121473359e-07,1.62309483008534e-09,-3.62224715133564e-10,-1.37659683715391e-11
853,1.95305181546474e-07,-2.93424641219677e-07,2.59935882123049e-07,-1.93707727252381e-07,2.93043912326851e-07,-2.59931844179884e-07,1.59745429409287e-09,-3.80728892825879e-10,4.03794316544923e-12
854,1.94896878437827e-07,-2.93574918007872e-07,2.59913762517337e-07,-1.9332473439502e-07,2.93176030405919e-07,-2.59892258614459e-07,1.57214404280711e-09,-3.98887601952503e-10,2.15039028779574e-11
855,1.94488892144097e-07,-2.93724376680903e-07,2.59890988182568e-07,-1.92941742489788e-07,2.93307687051824e-07,-2.59852365744309e-07,1.54714965430939e-09,-4.1668962907883e-10,3.86224382587874e-11
856,1.94081212498541e-07,-2.93873011808385e-07,2.5986755489435e-07,-1.92558752506391e-07,2.93438883225999e-07,-2.59812166533625e-07,1.52245999215005e-09,-4.34128582385818e-10,5.53883607249294e-11
857,1.93673832614554e-07,-2.9402082277966e-07,2.59843462709179e-07,-1.92175765741951e-07,2.93569620387449e-07,-2.5977166238745e-07,1.49806687260345e-09,-4.51202392211301e-10,7.18003217285687e-11
858,1.93266748885673e-07,-2.94167813803798e-07,2.5981871596444e-07,-1.91792782484986e-07,2.9369989848826e-07,-2.59730853370017e-07,1.47396640068657e-09,-4.67915315537889e-10,8.78625944239223e-11
859,1.92859960985572e-07,-2.94313993909598e-07,2.59793323278409e-07,-1.91409804021772e-07,2.93829718981836e-07,-2.59689740879017e-07,1.45015696379939e-09,-4.84274927761759e-10,1.03582399391895e-10
860,1.92453471868066e-07,-2.94459376945586e-07,2.59767297550247e-07,-1.91026831297782e-07,2.93959082817036e-07,-2.59648325862182e-07,1.4266405702843e-09,-5.00294128550477e-10,1.18971688065513e-10
861,1.92047287767111e-07,-2.94603981580019e-07,2.59740655960009e-07,-1.90643865252714e-07,2.94087990939837e-07,-2.59606609263396e-07,1.40342251439657e-09,-5.15990640181856e-10,1.34046696612655e-10
862,1.916414181968e-07,-2.94747831300879e-07,2.59713419968634e-07,-1.90260906820222e-07,2.94216444292854e-07,-2.59564592022287e-07,1.38051137657804e-09,-5.31387008025181e-10,1.48827946347922e-10
863,1.91235875951366e-07,-2.94890954415878e-07,2.59685615317955e-07,-1.89877956927772e-07,2.94344443815059e-07,-2.59522275073991e-07,1.35791902359405e-09,-5.46510600819085e-10,1.63340243963874e-10
864,1.90830677105183e-07,-2.95033384052457e-07,2.5965727203069e-07,-1.89495016497594e-07,2.94471990443151e-07,-2.59479659350385e-07,1.33566060758919e-09,-5.61393609305233e-10,1.77612680305059e-10
865,1.90425840942703e-07,-2.95175158084563e-07,2.59628424338512e-07,-1.89112086769536e-07,2.94599085605774e-07,-2.5943674621718e-07,1.31375417316709e-09,-5.76072478788511e-10,1.91678121331702e-10
866,1.90021373604428e-07,-2.95316296832301e-07,2.5959909038667e-07,-1.88729168000116e-07,2.94725729245552e-07,-2.59393535721632e-07,1.2922056043118e-09,-5.90567586748907e-10,2.05554665038117e-10
867,1.89617252125214e-07,-2.95456775277306e-07,2.59569248376787e-07,-1.88346261403088e-07,2.94851922799965e-07,-2.59350029226645e-07,1.27099072212629e-09,-6.04852477340511e-10,2.19219150142159e-10
868,1.89213453565391e-07,-2.95596566787765e-07,2.59538875409731e-07,-1.87963367860243e-07,2.94977667208153e-07,-2.59306227652243e-07,1.25008570514818e-09,-6.18899579611402e-10,2.32647757487711e-10
869,1.88809958156634e-07,-2.95735649579064e-07,2.59507952849721e-07,-1.8758048824768e-07,2.95102963406037e-07,-2.59262131914407e-07,1.22946990895375e-09,-6.32686173026784e-10,2.45820935313629e-10
870,1.88406749301972e-07,-2.95874006713789e-07,2.59476466324328e-07,-1.871976234358e-07,2.95227812326231e-07,-2.59217742925012e-07,1.20912586617218e-09,-6.4619438755702e-10,2.58723399316481e-10
871,1.88003813575783e-07,-2.96011626101721e-07,2.59444405724481e-07,-1.86814774288648e-07,2.95352214896968e-07,-2.59173061590896e-07,1.1890392871342e-09,-6.59411204753051e-10,2.71344133584818e-10
872,1.87601140723795e-07,-2.96148500499844e-07,2.59411765204455e-07,-1.86431941980608e-07,2.95476172535203e-07,-2.59128089248156e-07,1.16919874318642e-09,-6.72327964640973e-10,2.83675956299817e-10
873,1.87198723663088e-07,-2.96284627512336e-07,2.59378543181885e-07,-1.86049126732483e-07,2.95599685179416e-07,-2.5908282592938e-07,1.14959693060437e-09,-6.84942332920275e-10,2.95717252504278e-10
874,1.8679655848209e-07,-2.96420009590577e-07,2.59344742337753e-07,-1.85666329708694e-07,2.95722754240496e-07,-2.59037272963302e-07,1.13022877339692e-09,-6.9725535008083e-10,3.07469374450884e-10
875,1.86394644440583e-07,-2.96554654033143e-07,2.59310369616398e-07,-1.85283551750594e-07,2.95845380632641e-07,-2.58991431239837e-07,1.11109268998907e-09,-7.09273400502027e-10,3.18938376560307e-10
876,1.85992983969697e-07,-2.9668857298581e-07,2.5927543622551e-07,-1.84900793694279e-07,2.95967565267009e-07,-2.58945301645123e-07,1.09219027541805e-09,-7.21007718801605e-10,3.30134580386989e-10
877,1.85591582671912e-07,-2.96821783441552e-07,2.59239957636132e-07,-1.84518056370563e-07,2.96089309051625e-07,-2.58898885061448e-07,1.07352630134883e-09,-7.32474389926649e-10,3.41072574684789e-10
878,1.85190449321059e-07,-2.96954307240539e-07,2.59203953582662e-07,-1.84135340604138e-07,2.96210612889983e-07,-2.58852182366038e-07,1.05510871692077e-09,-7.43694350556495e-10,3.51771216624486e-10
879,1.84789595862321e-07,-2.97086171070145e-07,2.59167448062849e-07,-1.83752647521091e-07,2.96331478168237e-07,-2.58805194858358e-07,1.03694834123041e-09,-7.54692901907636e-10,3.62253204491017e-10
880,1.84389037412229e-07,-2.97217406464936e-07,2.59130469337796e-07,-1.83369977321101e-07,2.96451904810842e-07,-2.58757922554606e-07,1.01906009112796e-09,-7.65501654094365e-10,3.72546783189765e-10
881,1.83988792258667e-07,-2.97348049806682e-07,2.59093049931957e-07,-1.82987331120341e-07,2.96571894197008e-07,-2.58710366746311e-07,1.00146113832543e-09,-7.76155609673735e-10,3.82683185645692e-10
882,1.8358887316845e-07,-2.97478130317731e-07,2.59055215742646e-07,-1.82604709719375e-07,2.96691447218929e-07,-2.58662528295125e-07,9.84163449075785e-10,-7.86683098801609e-10,3.92687447521624e-10
883,1.8318926185144e-07,-2.97607628741462e-07,2.59016949982483e-07,-1.82222113900942e-07,2.9681056477477e-07,-2.58614408060736e-07,9.67147950497481e-10,-7.97063966692015e-10,4.02541921746795e-10
884,1.82789935825132e-07,-2.97736516588056e-07,2.58978228275083e-07,-1.81839544439736e-07,2.96929247761867e-07,-2.58566006899601e-07,9.50391385396107e-10,-8.07268826189221e-10,4.12221375482133e-10
885,1.82390875696048e-07,-2.97864770263577e-07,2.58939030514299e-07,-1.81457002105274e-07,2.97047497074095e-07,-2.58517325664141e-07,9.33873590773336e-10,-8.17273189481096e-10,4.21704850157321e-10
886,1.81992065132402e-07,-2.97992371050861e-07,2.58899340842509e-07,-1.81074487661007e-07,2.9716531360038e-07,-2.58468365201458e-07,9.17577471394994e-10,-8.27057450480821e-10,4.30975641051317e-10
887,1.81593490864108e-07,-2.98119305109523e-07,2.58859147650621e-07,-1.80692002162479e-07,2.97282698706577e-07,-2.58419126773969e-07,9.01488701629008e-10,-8.36606402946195e-10,4.4002087665119e-10
888,1.81195142682776e-07,-2.9824556347595e-07,2.58818443578065e-07,-1.80309545767752e-07,2.97399652313699e-07,-2.58369610381705e-07,8.85596915024165e-10,-8.45911162251333e-10,4.48833196359955e-10
889,1.80797013441713e-07,-2.98371142063304e-07,2.587772255128e-07,-1.7992711952254e-07,2.97516175779844e-07,-2.58319817278634e-07,8.69893919173621e-10,-8.54966283460025e-10,4.57408234166348e-10
890,1.80399099055923e-07,-2.98496041661521e-07,2.58735494591312e-07,-1.79544724169445e-07,2.97632269978909e-07,-2.58269748294889e-07,8.54374886477547e-10,-8.6377168261209e-10,4.65746296423022e-10
891,1.80001398502106e-07,-2.98620267937314e-07,2.58693256198614e-07,-1.79162360445517e-07,2.97747935780299e-07,-2.58219404255757e-07,8.39038056588422e-10,-8.72332157014944e-10,4.7385194285704e-10
892,1.79603913818659e-07,-2.98743831434167e-07,2.58650519968242e-07,-1.78780029082585e-07,2.97863174049393e-07,-2.58168785982099e-07,8.23884736073786e-10,-8.80657384773974e-10,4.81733986142599e-10
893,1.79206650105677e-07,-2.98866747572341e-07,2.58607299782262e-07,-1.78397730807614e-07,2.9797798564806e-07,-2.58117894290817e-07,8.0891929806273e-10,-8.88761924281196e-10,4.89405491444637e-10
894,1.78809615524951e-07,-2.98989036648871e-07,2.58563613771265e-07,-1.78015466630129e-07,2.98092371907442e-07,-2.58066730405848e-07,7.94148894821866e-10,-8.96664741428992e-10,4.96883365417432e-10
895,1.7841282129997e-07,-2.99110723837567e-07,2.58519484314371e-07,-1.77633236688941e-07,2.98206332731763e-07,-2.5801529430961e-07,7.79584611028774e-10,-9.04391105803952e-10,5.04190004760421e-10
896,1.78016281715917e-07,-2.99231839189014e-07,2.58474938039222e-07,-1.77251041984514e-07,2.98319869444677e-07,-2.57963587218027e-07,7.65239731403567e-10,-9.11969744337053e-10,5.11350821194283e-10
897,1.77620014119676e-07,-2.99352417630569e-07,2.5843000582199e-07,-1.76868883223298e-07,2.98432982891537e-07,-2.57911609930154e-07,7.5113089637836e-10,-9.19434739031425e-10,5.18395891836816e-10
898,1.77224034713989e-07,-2.99472493090025e-07,2.58384717473117e-07,-1.76486761104899e-07,2.98545673914153e-07,-2.57859363240395e-07,7.37273609090089e-10,-9.26819175872042e-10,5.25354232721932e-10
899,1.76828331346403e-07,-2.9959205466941e-07,2.58339063456081e-07,-1.76104676312559e-07,2.98657943360136e-07,-2.57806847941575e-07,7.23655033843883e-10,-9.34111309274261e-10,5.3221551450603e-10
900,1.76432882054554e-07,-2.99711072283452e-07,2.5829301813809e-07,-1.75722629519196e-07,2.98769792077057e-07,-2.57754064823045e-07,7.10252535358306e-10,-9.41280206395504e-10,5.38953315045319e-10
901,1.76037667901662e-07,-2.9982952066011e-07,2.58246560082204e-07,-1.75340621393009e-07,2.98881220908726e-07,-2.5770101467008e-07,6.97046508653586e-10,-9.48299751383541e-10,5.45545412123749e-10
902,1.75642672902702e-07,-2.99947379433506e-07,2.58199672085703e-07,-1.74958652875308e-07,2.98992231161553e-07,-2.57647698667388e-07,6.84020027394e-10,-9.55148271953062e-10,5.51973418315002e-10
903,1.75247884024398e-07,-3.00064633143932e-07,2.58152341180097e-07,-1.74576724065543e-07,2.9910282273378e-07,-2.57594116780282e-07,6.71159958854704e-10,-9.6181041015186e-10,5.58224399815131e-10
904,1.7485329118523e-07,-3.00181271237843e-07,2.58104558631119e-07,-1.74194835896507e-07,2.99212996924259e-07,-2.57540270185593e-07,6.58455288723212e-10,-9.68274313583906e-10,5.64288445525715e-10
905,1.74458887255428e-07,-3.00297288067862e-07,2.58056319938727e-07,-1.7381298901628e-07,2.99322754558912e-07,-2.57486159649964e-07,6.45898239148071e-10,-9.74533508949772e-10,5.70160288763546e-10
906,1.74064668056975e-07,-3.00412682892779e-07,2.58007624837106e-07,-1.73431184067601e-07,2.99432096458467e-07,-2.57431785934791e-07,6.33483989374222e-10,-9.80586434311069e-10,5.75838902315306e-10
907,1.73670632363608e-07,-3.00527459877547e-07,2.57958477294666e-07,-1.73049421689184e-07,2.99541023440616e-07,-2.57377149798108e-07,6.21210674423869e-10,-9.86436436931146e-10,5.81327496558049e-10
908,1.73276781900814e-07,-3.0064162809329e-07,2.57908885514042e-07,-1.72667702514052e-07,2.99649536317119e-07,-2.57322251992096e-07,6.09079386761435e-10,-9.92091776171467e-10,5.86633521945669e-10
909,1.72883121345833e-07,-3.00755201517295e-07,2.57858861932093e-07,-1.72286027441303e-07,2.997576363582e-07,-2.5726709366327e-07,5.97093904530717e-10,-9.97565159095052e-10,5.91768268823259e-10
910,1.72489658327659e-07,-3.00868199033015e-07,2.57808423219907e-07,-1.71904396552439e-07,2.99865323441489e-07,-2.57211674757218e-07,5.85261775220166e-10,-1.00287559152569e-09,5.96748462688307e-10
911,1.72096403427038e-07,-3.00980644430071e-07,2.57757590282793e-07,-1.71522810738554e-07,2.99972598829525e-07,-2.57155996412663e-07,5.73592688483406e-10,-1.00804560054682e-09,6.01593870130054e-10
912,1.71703370176466e-07,-3.01092566404251e-07,2.5770638826029e-07,-1.71141270613549e-07,3.00079463315742e-07,-2.57100059363195e-07,5.62099562917123e-10,-1.01310308850929e-09,6.0632889709463e-10
913,1.71310575060195e-07,-3.01203998557506e-07,2.57654846526158e-07,-1.70759776787405e-07,3.00185917690284e-07,-2.57043864338904e-07,5.50798272790691e-10,-1.01808086722247e-09,6.10982187254439e-10
914,1.70918035680209e-07,-3.01314976829535e-07,2.57602996367029e-07,-1.70378329864133e-07,3.00291962738066e-07,-2.56987412064403e-07,5.39705816075765e-10,-1.02301409146952e-09,6.1558430262548e-10
915,1.70525746122767e-07,-3.01425499364583e-07,2.57550836023677e-07,-1.69996930433558e-07,3.00397599248751e-07,-2.56930703262744e-07,5.2881568920925e-10,-1.02790011583139e-09,6.20132760932965e-10
916,1.70133685271732e-07,-3.01535535253883e-07,2.574983392697e-07,-1.69615579072955e-07,3.00502828012968e-07,-2.56873738653435e-07,5.18106198776417e-10,-1.03270724091563e-09,6.24600616264828e-10
917,1.69741834696087e-07,-3.01645057700161e-07,2.57445483494978e-07,-1.69234276615958e-07,3.00607650272329e-07,-2.56816519342098e-07,5.07558080129719e-10,-1.03740742783171e-09,6.28964152880156e-10
918,1.69350178806893e-07,-3.01754044840369e-07,2.57392250308738e-07,-1.68853023107203e-07,3.00712065896246e-07,-2.56759045256552e-07,4.97155699689939e-10,-1.04197894412382e-09,6.33205052186658e-10
919,1.68958704857285e-07,-3.01862479745696e-07,2.57338625539559e-07,-1.68471819372226e-07,3.00816076117481e-07,-2.56701317493816e-07,4.86885485059508e-10,-1.04640362821474e-09,6.37308045742333e-10
920,1.68567402942473e-07,-3.01970350421557e-07,2.57284599235365e-07,-1.68090665970052e-07,3.00919681708102e-07,-2.56643336754946e-07,4.767369724212e-10,-1.05066871345497e-09,6.41262480419363e-10
921,1.68176265999744e-07,-3.02077649807601e-07,2.57230165663433e-07,-1.6770956345475e-07,3.01022883434554e-07,-2.56585103735593e-07,4.66702544993549e-10,-1.05476637304708e-09,6.45061927840075e-10
922,1.67785289808458e-07,-3.02184375777707e-07,2.57175323310386e-07,-1.6732851237605e-07,3.01125682058676e-07,-2.56526619126893e-07,4.567774324077e-10,-1.05869371903092e-09,6.48704183492595e-10
923,1.67394472990053e-07,-3.02290531139985e-07,2.57120074882197e-07,-1.66947513279697e-07,3.0122807833825e-07,-2.5646788361595e-07,4.46959710356148e-10,-1.06245280173451e-09,6.52191266247234e-10
924,1.67003817008041e-07,-3.02396123636775e-07,2.57064427304189e-07,-1.66566566959189e-07,3.0133007347426e-07,-2.56408898267919e-07,4.37250048852281e-10,-1.0660501625143e-09,6.55529036269727e-10
925,1.6661332616801e-07,-3.02501165944649e-07,2.57008391721032e-07,-1.66185673444332e-07,3.01431667314693e-07,-2.56349662991393e-07,4.27652723677597e-10,-1.06949862995622e-09,6.58728729638521e-10
926,1.66223007617623e-07,-3.02605675674411e-07,2.56951983496746e-07,-1.65804833521113e-07,3.01532861051663e-07,-2.5629017884311e-07,4.18174096510027e-10,-1.07281462274803e-09,6.61804653635089e-10
927,1.65832871346618e-07,-3.02709675371093e-07,2.56895222214699e-07,-1.6542404771766e-07,3.01633655422986e-07,-2.56230446490992e-07,4.08823628957625e-10,-1.07601994810724e-09,6.64775723706979e-10
928,1.65442930186809e-07,-3.02813192513962e-07,2.5683813167761e-07,-1.65043316557504e-07,3.01734051160943e-07,-2.56170466597735e-07,3.99613629305063e-10,-1.07914135301884e-09,6.67665079875808e-10
929,1.65053199812086e-07,-3.02916259516512e-07,2.56780739907546e-07,-1.64662640560001e-07,3.01834048992956e-07,-2.56110239821404e-07,3.90559252085193e-10,-1.08221052355681e-09,6.70500086141589e-10
930,1.64663698058492e-07,-3.0301891278512e-07,2.56723078292566e-07,-1.64282020239982e-07,3.0193364964153e-07,-2.56049766815282e-07,3.81677818509989e-10,-1.08526314359028e-09,6.73311477283702e-10
931,1.64274424534208e-07,-3.03121158940131e-07,2.56665152278066e-07,-1.63901456344817e-07,3.0203285427476e-07,-2.55989048607222e-07,3.72968189391792e-10,-1.08830466537086e-09,6.76103670843876e-10
932,1.63885359379511e-07,-3.03222967231623e-07,2.56606935880473e-07,-1.63520948871358e-07,3.02131662731384e-07,-2.55928085088666e-07,3.64410508153456e-10,-1.09130450023874e-09,6.78850791806704e-10
933,1.63496484697661e-07,-3.03324309493384e-07,2.56548405474971e-07,-1.63140498549708e-07,3.02230076178612e-07,-2.55866877281122e-07,3.55986147952948e-10,-1.09423331477133e-09,6.81528193849116e-10
934,1.63107785325339e-07,-3.03425162520264e-07,2.56489541640649e-07,-1.62760105858948e-07,3.02328095332882e-07,-2.55805425821908e-07,3.47679466390923e-10,-1.09706718738177e-09,6.8411581874181e-10
935,1.62719248832648e-07,-3.03525508068178e-07,2.56430329160502e-07,-1.62379771274358e-07,3.02425720906064e-07,-2.55743731344031e-07,3.39477558290265e-10,-1.09978716211385e-09,6.86597816471077e-10
936,1.62330865523113e-07,-3.03625332854104e-07,2.56370757021427e-07,-1.61999495267294e-07,3.02522953605166e-07,-2.55681794475949e-07,3.31370255818876e-10,-1.10237924893788e-09,6.88962545477606e-10
937,1.61942628433677e-07,-3.03724628556084e-07,2.56310818414226e-07,-1.61619278304612e-07,3.02619794131196e-07,-2.5561961584062e-07,3.23350129065687e-10,-1.10483442488754e-09,6.9120257360622e-10
938,1.61554533334709e-07,-3.03823391813224e-07,2.56250510733606e-07,-1.61239120849275e-07,3.0271624318019e-07,-2.55557196056387e-07,3.15412485434052e-10,-1.10714863303385e-09,6.93314677219457e-10
939,1.61166578729994e-07,-3.03921624225692e-07,2.56189835578178e-07,-1.60859023596568e-07,3.02812301879861e-07,-2.55494536106821e-07,3.07555133425906e-10,-1.10932234583123e-09,6.95299471357205e-10
940,1.60778765856743e-07,-3.04019332354721e-07,2.56128798750458e-07,-1.60478986528365e-07,3.02907970042168e-07,-2.5543163586052e-07,2.99779328377827e-10,-1.11136231255315e-09,6.97162889937841e-10
941,1.60391098685584e-07,-3.04116527722608e-07,2.56067410256866e-07,-1.60099010332876e-07,3.03003248784638e-07,-2.55368496291906e-07,2.92088352707525e-10,-1.11327893796984e-09,6.98913964959813e-10
942,1.60003583920569e-07,-3.04213226812713e-07,2.56005684307725e-07,-1.59719095457256e-07,3.03098138782195e-07,-2.55305117999978e-07,2.84488463313338e-10,-1.11508803051751e-09,7.00566307747387e-10
943,1.5961623099917e-07,-3.04309451069458e-07,2.55943639317265e-07,-1.59339242345025e-07,3.03192640704878e-07,-2.55241501579269e-07,2.76988654145737e-10,-1.11681036458042e-09,7.02137737995636e-10
944,1.59229052092281e-07,-3.04405226898332e-07,2.55881297903618e-07,-1.58959451435647e-07,3.0328675521697e-07,-2.55177647619123e-07,2.6960065663436e-10,-1.11847168136247e-09,7.03650284494285e-10
945,1.58842062104216e-07,-3.04500585665885e-07,2.55818686888821e-07,-1.5857972316488e-07,3.03380482977569e-07,-2.55113556704192e-07,2.62338939336498e-10,-1.12010268831612e-09,7.05130184629175e-10
946,1.58455278485187e-07,-3.04595563448407e-07,2.55755837069004e-07,-1.58200058192724e-07,3.0347382507014e-07,-2.55049229776785e-07,2.55220292463035e-10,-1.12173837826766e-09,7.06607292219046e-10
947,1.58068705294636e-07,-3.04690174114459e-07,2.55692759963084e-07,-1.57820456483254e-07,3.03566781288011e-07,-2.54984666687146e-07,2.48248811382141e-10,-1.12339282644837e-09,7.08093275937793e-10
948,1.57682324283526e-07,-3.04784388025185e-07,2.55629430627911e-07,-1.57440918671688e-07,3.03659352718596e-07,-2.54919868371956e-07,2.41405611838575e-10,-1.12503530658903e-09,7.09562255954468e-10
949,1.57296118108247e-07,-3.04878175799496e-07,2.55565824577681e-07,-1.57061445159536e-07,3.03751540014343e-07,-2.54854835400019e-07,2.34672948711341e-10,-1.12663578515283e-09,7.10989177662407e-10
950,1.56910072051205e-07,-3.04971513042763e-07,2.55501921514257e-07,-1.5668203634438e-07,3.03843343821777e-07,-2.54789568334877e-07,2.2803570682569e-10,-1.12816922098569e-09,7.12353179379526e-10
951,1.56524174020824e-07,-3.05064380346818e-07,2.55437705327166e-07,-1.56302692620205e-07,3.0393476478205e-07,-2.54724067735294e-07,2.21481400619436e-10,-1.12961556476794e-09,7.136375918716e-10
952,1.56138414551543e-07,-3.05156763289956e-07,2.55373164093604e-07,-1.55923414377342e-07,3.0402580353075e-07,-2.54658334155106e-07,2.15000174201649e-10,-1.130959759206e-09,7.14829938498588e-10
953,1.5575278680382e-07,-3.05248652436931e-07,2.55308290078434e-07,-1.55544202002525e-07,3.04116460697924e-07,-2.54592368143255e-07,2.08584801295178e-10,-1.13219173900699e-09,7.1592193517948e-10
954,1.55367286564128e-07,-3.05340043338958e-07,2.55243079734183e-07,-1.55165056098145e-07,3.04206737330124e-07,-2.54526170598239e-07,2.02230465983137e-10,-1.13330600883332e-09,7.16909135944056e-10
955,1.54981912244957e-07,-3.05430936533713e-07,2.55177533701046e-07,-1.54785976604292e-07,3.04296633201147e-07,-2.54459741349286e-07,1.95935640665506e-10,-1.13430333256589e-09,7.17792351760349e-10
956,1.54596664884815e-07,-3.05521337545334e-07,2.55111656806886e-07,-1.54406964117402e-07,3.04386149347283e-07,-2.54393081286069e-07,1.89700767413042e-10,-1.135188198051e-09,7.18575520816989e-10
957,1.54211548148225e-07,-3.0561125688442e-07,2.5504545806723e-07,-1.54028019010162e-07,3.04475286376246e-07,-2.54326190937959e-07,1.83529138063018e-10,-1.13597050817373e-09,7.19267129271479e-10
958,1.53826568325727e-07,-3.05700710048029e-07,2.54978950685273e-07,-1.53649141651791e-07,3.04564044890044e-07,-2.54259070829367e-07,1.77426673936231e-10,-1.13666515798456e-09,7.19879855905995e-10
959,1.5344173433388e-07,-3.05789717519681e-07,2.54912152051877e-07,-1.53270332408093e-07,3.04652425484996e-07,-2.54191721479775e-07,1.71401925787061e-10,-1.13729203468488e-09,7.20430572101928e-10
960,1.53057057715257e-07,-3.05878304769358e-07,2.5484508374557e-07,-1.52891591641694e-07,3.04740428752114e-07,-2.54124143404066e-07,1.65466073562586e-10,-1.137876017244e-09,7.2094034150377e-10
961,1.52672552638449e-07,-3.05966502253502e-07,2.54777771532546e-07,-1.52512919923378e-07,3.04828055691802e-07,-2.54056337459437e-07,1.59632715071525e-10,-1.13844656169989e-09,7.21434073109091e-10
962,1.52288235874389e-07,-3.06054345385328e-07,2.54710245339015e-07,-1.52134317184717e-07,3.04915306051834e-07,-2.53988303454927e-07,1.53918689671943e-10,-1.13903933349442e-09,7.21941884087696e-10
963,1.5190411480335e-07,-3.0614185381256e-07,2.54642521443021e-07,-1.51755783985598e-07,3.0500218082604e-07,-2.5392004223972e-07,1.48330817752277e-10,-1.13967298651942e-09,7.22479203300999e-10
964,1.51520173018501e-07,-3.06228999786233e-07,2.54574576579728e-07,-1.51377320657334e-07,3.05088680595814e-07,-2.53851554311849e-07,1.42852361166692e-10,-1.14031919041911e-09,7.23022267878537e-10
965,1.51136393744795e-07,-3.06315752859065e-07,2.54506385548166e-07,-1.50998927526168e-07,3.05174805937697e-07,-2.53782840164422e-07,1.37466218627323e-10,-1.14094692136788e-09,7.23545383743318e-10
966,1.50752762726919e-07,-3.06402087593676e-07,2.54437927317539e-07,-1.50620604915322e-07,3.05260557422833e-07,-2.53713900285943e-07,1.32157811597143e-10,-1.14153017084301e-09,7.24027031596148e-10
967,1.50369268229295e-07,-3.06487983562592e-07,2.54369185027226e-07,-1.50242353144623e-07,3.05345935616123e-07,-2.53644735159622e-07,1.26915084671684e-10,-1.14204794646809e-09,7.24449867604692e-10
968,1.49985901036077e-07,-3.06573425348242e-07,2.54300145986777e-07,-1.49864172735072e-07,3.05430941485534e-07,-2.53575345604435e-07,1.2172830100475e-10,-1.14248386270796e-09,7.24800382342325e-10
969,1.49602654451153e-07,-3.06658402542964e-07,2.54230801675917e-07,-1.49486063590653e-07,3.05515574765776e-07,-2.53505731411519e-07,1.16590860500052e-10,-1.14282777718778e-09,7.25070264397884e-10
970,1.49219524298145e-07,-3.06742909748997e-07,2.54161147744542e-07,-1.49108026227358e-07,3.05599836414333e-07,-2.53435893391192e-07,1.11498070787417e-10,-1.14307333466468e-09,7.2525435334924e-10
971,1.48836508920411e-07,-3.06826946578488e-07,2.54091184012723e-07,-1.48730060952666e-07,3.05683726972767e-07,-2.53365832006991e-07,1.0644796774501e-10,-1.14321960572088e-09,7.25352005731721e-10
972,1.48453609181038e-07,-3.06910517653486e-07,2.54020914470705e-07,-1.48352168070877e-07,3.0576724697641e-07,-2.53295547717236e-07,1.01441110160864e-10,-1.14327067707608e-09,7.25366753468317e-10
973,1.48070828462851e-07,-3.06993632605949e-07,2.53950347278904e-07,-1.47974347883708e-07,3.0585039695547e-07,-2.5322504097597e-07,9.64805791431312e-11,-1.14323565047901e-09,7.25306302933234e-10
974,1.47688172668406e-07,-3.07076306077735e-07,2.5387949476791e-07,-1.47596600689722e-07,3.05933177433805e-07,-2.53154312231955e-07,9.15719786838147e-11,-1.14312864393047e-09,7.25182535954936e-10
975,1.47305650219995e-07,-3.07158557720612e-07,2.53808373438488e-07,-1.47218926784367e-07,3.06015588928898e-07,-2.53083361928661e-07,8.67234356278739e-11,-1.14296879171369e-09,7.25011509827161e-10
976,1.46923272059642e-07,-3.07240412196249e-07,2.53737003961575e-07,-1.46841326656707e-07,3.06097632354434e-07,-2.53012190838232e-07,8.19454029351341e-11,-1.14277984181522e-09,7.24813123342567e-10
977,1.46541051649105e-07,-3.07321899176222e-07,2.5366541117828e-07,-1.46463800203591e-07,3.06179307412955e-07,-2.52940798727981e-07,7.72514455141495e-11,-1.14259176326758e-09,7.24612450299044e-10
978,1.46159004969877e-07,-3.07403053342013e-07,2.53593624099887e-07,-1.46086347909534e-07,3.06260615007279e-07,-2.5286918636129e-07,7.26570603428157e-11,-1.14243833473389e-09,7.24437738597031e-10
979,1.45777141690144e-07,-3.0748389867152e-07,2.53521662490744e-07,-1.45708970054579e-07,3.06341555633994e-07,-2.52797354162565e-07,6.81716355645902e-11,-1.14234303752615e-09,7.24308328178607e-10
980,1.45395447339567e-07,-3.07564409845098e-07,2.53449505192198e-07,-1.4533166690285e-07,3.06422129794018e-07,-2.52725302553795e-07,6.37804367166243e-11,-1.14228005108014e-09,7.24202638403457e-10
981,1.45013905724152e-07,-3.07644555486168e-07,2.53377126420434e-07,-1.44954438712832e-07,3.06502337983139e-07,-2.52653031951664e-07,5.94670113205299e-11,-1.14221750302911e-09,7.24094468770583e-10
982,1.44632503065941e-07,-3.07724309251311e-07,2.53304504544708e-07,-1.44577285740893e-07,3.06582180692316e-07,-2.52580542768936e-07,5.52173250477313e-11,-1.14212855899496e-09,7.23961775771368e-10
983,1.44251228001729e-07,-3.07803649828865e-07,2.53231622085979e-07,-1.44200208428732e-07,3.06661658799002e-07,-2.52507835737812e-07,5.10195729971103e-11,-1.14199102986261e-09,7.23786348166426e-10
984,1.43870071583069e-07,-3.07882560938917e-07,2.53158465716913e-07,-1.43823206648845e-07,3.06740771992728e-07,-2.52434910608811e-07,4.68649342243318e-11,-1.14178894618959e-09,7.23555108101787e-10
985,1.4348902727627e-07,-3.0796103133331e-07,2.53085026261882e-07,-1.43446280838849e-07,3.0681952114006e-07,-2.52361768105518e-07,4.27464374205203e-11,-1.14151019324961e-09,7.23258156364911e-10
986,1.43108090962395e-07,-3.08039054795636e-07,2.53011298696963e-07,-1.43069431244355e-07,3.0689790670705e-07,-2.52288408620501e-07,3.86597180408657e-11,-1.14114808858605e-09,7.22890076462164e-10
987,1.42727260937267e-07,-3.08116630141244e-07,2.52937282149939e-07,-1.42692658108298e-07,3.06975929153337e-07,-2.52214832541167e-07,3.46028289689891e-11,-1.14070098790725e-09,7.22449608771432e-10
988,1.42346537911461e-07,-3.08193761217232e-07,2.52862979900296e-07,-1.42315961670991e-07,3.07053588932151e-07,-2.52141040249774e-07,3.05762404702244e-11,-1.14017228508091e-09,7.21939650521954e-10
989,1.4196592501031e-07,-3.08270456902454e-07,2.52788399379228e-07,-1.41939342170409e-07,3.07130886490844e-07,-2.5206703212388e-07,2.65828399013765e-11,-1.13957041160978e-09,7.2136725534841e-10
990,1.41585427773905e-07,-3.08346731107513e-07,2.52713552169635e-07,-1.41562799842285e-07,3.07207822270989e-07,-2.51992808536446e-07,2.26279316193744e-11,-1.13890883652358e-09,7.20743633189015e-10
991,1.41205054157089e-07,-3.08422602774768e-07,2.52638454006119e-07,-1.41186335100109e-07,3.07284397092925e-07,-2.51918370172193e-07,1.87190569799938e-11,-1.13820568184312e-09,7.20083833926653e-10
992,1.40824814529464e-07,-3.0849809587833e-07,2.52563124774992e-07,-1.40809947812711e-07,3.07360610613157e-07,-2.51843716758402e-07,1.48667167534375e-11,-1.13748526517341e-09,7.19408016590509e-10
993,1.40444721675388e-07,-3.08573239424061e-07,2.52487588514268e-07,-1.40433638390117e-07,3.07436463641094e-07,-2.51768848971355e-07,1.10832852705811e-11,-1.13677578296726e-09,7.18739542913074e-10
994,1.40064790793973e-07,-3.08648067449579e-07,2.52411873413668e-07,-1.40057407058499e-07,3.07511956593089e-07,-2.5169376716401e-07,7.38373547430849e-12,-1.13611085648911e-09,7.18106249657437e-10
995,1.39685016504302e-07,-3.08722570840602e-07,2.52335972026321e-07,-1.39681254029619e-07,3.07587089888009e-07,-2.516184716862e-07,3.762474682387e-12,-1.13548095259335e-09,7.17500340120528e-10
996,1.39305370521803e-07,-3.08796692357103e-07,2.52259837179057e-07,-1.39305179499322e-07,3.07661863947318e-07,-2.51542962884182e-07,1.91022481370788e-13,-1.13482840978522e-09,7.16874294874892e-10
997,1.38925850999559e-07,-3.08870430100059e-07,2.52183467399808e-07,-1.38929183673922e-07,3.07736279176954e-07,-2.51467241097354e-07,-3.33267436265057e-12,-1.1341509231049e-09,7.16226302454598e-10
998,1.38546457101883e-07,-3.08943784321593e-07,2.52106862980941e-07,-1.38553266930991e-07,3.07810336356969e-07,-2.51391306971606e-07,-6.80982910809226e-12,-1.13344796462433e-09,7.15556009335569e-10
999,1.38167188695539e-07,-3.09016756778374e-07,2.52030025445254e-07,-1.38177429122608e-07,3.07884035123467e-07,-2.51315160215035e-07,-1.02404270689118e-11,-1.13272165490664e-09,7.14865230219191e-10
1000,1.37788046349745e-07,-3.0908935073161e-07,2.5195295754597e-07,-1.37801670620896e-07,3.07957376245429e-07,-2.51238801464335e-07,-1.36242711510243e-11,-1.13197448618132e-09,7.14156081635552e-10
